smiles,pka_basic,group
CN(C)c1cc[n+](O)cc1,-7.58,None
O=C1CN(C(=O)c2ccccc2)C(=S)N1,-6.6,None
O=[N+]([O-])c1ccc(-n2cnnn2)cc1,-3.92,None
CCn1c(=O)n(C)c2ccccc21,-3.7,None
S=c1[nH]c(SCc2ccccc2)c(-c2ccccc2)[nH]1,-3.31,None
NC(=S)c1ccccc1,-3.2,None
S=C1NC(=S)C(c2ccccc2)N1,-3.16,None
O=[N+]([O-])c1ccc(-n2nnnc2C=Cc2ccc(Cl)cc2)cc1,-3.05,None
Nc1c(Cl)cc([N+](=O)[O-])cc1Cl,-2.98,None
Clc1ccc(C=Cc2nnnn2-c2ccccc2)cc1,-2.54,None
O=[N+]([O-])c1ccc(Nc2ccccc2)cc1,-2.5,None
CNc1ccc[n+](O)c1,-2.42,None
Cc1ccc2c(ccn2C)c1,-2.15,None
O=C(c1ccccc1)N(O)c1ccccc1,-2.08,None
Cn1ccc2ccccc2c1=O,-1.8,None
Nc1c([N+](=O)[O-])ccc2ccccc12,-1.6,None
Cn1c(=S)ccc2ccccc21,-1.6,None
COc1ccc(C(N)=O)cc1,-1.6,None
C[NH+]1CCCC1c1ccc(Cl)nc1,-1.3,None
O=[N+]([O-])c1[nH]cnc1Cl,-1.3,None
O=[N+]([O-])c1cccc(Nc2ccccc2)c1,-1.27,None
COc1nc2ccccc2nc1OC,-1.15,None
Cn1c(=O)cnc2ccccc21,-1.15,None
CCCC(N)=CC(=O)c1ccccc1,-1.12,None
[S-]c1cnc2ccccc2[nH+]1,-1.11,None
N#CC(C#N)=NNc1ccccc1C(=O)O,-0.96,None
NC(N)=S,-0.96,None
Nc1ccc2ccccc2c1[N+](=O)[O-],-0.92,None
Nc1ccc(Cl)cc1[N+](=O)[O-],-0.88,None
N#CC(C#N)=NNc1ccc(N=Nc2ccccc2)cc1,-0.87,None
Cc1ccc(C)c(NN=C(C#N)C#N)c1,-0.84,None
Cc1ccc(NN=C(C#N)C#N)cc1,-0.83,None
O=[N+]([O-])c1cccc2cn[nH]c12,-0.83,None
N#CC(C#N)=NNc1ccccc1,-0.82,None
N#CC(C#N)=NNc1ccc(CCCl)cc1,-0.81,None
N#CC(C#N)=NNc1ccc(Cl)cc1,-0.79,None
N#CC(C#N)=NNc1ccc(OC(F)(F)F)cc1,-0.78,None
Cc1ccc(NN=C(C#N)C#N)c([N+](=O)[O-])c1,-0.78,None
CC(=O)c1ccc(NN=C(C#N)C#N)cc1,-0.77,None
N#CC(C#N)=NNc1ccccc1Cl,-0.77,None
N#CC(C#N)=NNc1ccc(C(=O)CCl)cc1,-0.76,None
Cc1cc([N+](=O)[O-])ccc1NN=C(C#N)C#N,-0.74,None
O=[N+]([O-])c1cc2cn[nH]c2cc1[N+](=O)[O-],-0.73,None
N#CC(C#N)=NNc1cccc(Cl)c1Cl,-0.71,None
O=C(O)c1cnccn1,-0.7,None
COC(=O)c1ncccn1,-0.68,None
N#CC(C#N)=NNc1c(Cl)cccc1Cl,-0.67,None
Nn1nnnc1-c1ccccc1,-0.62,None
N#CC(C#N)=NNc1ccc([N+](=O)[O-])cc1Cl,-0.62,None
O=[N+]([O-])c1ccc(-c2ncc(-c3ccccc3)o2)cc1,-0.61,None
Cn1cnc2c(N)nc[nH+]c21,-0.59,None
CC1CCN(c2cc[nH+]cc2)CC1,-0.56,None
c1cc(N2CCCC2)cc[nH+]1,-0.53,None
Cc1ccc(N(CC2CO2)CC2CO2)cc1,-0.48,None
CC(=O)c1ccccn1,-0.46,None
Fc1ccccn1,-0.44,None
c1ccc(N(CC2CO2)CC2CO2)cc1,-0.4,None
O=[N+]([O-])c1ccc(NCO)cc1,-0.33,None
ONc1ccccc1,-0.32,None
CSc1ccc(N)c([N+](=O)[O-])c1,-0.28,None
N#Cc1ccccn1,-0.26,None
Nc1ccccc1[N+](=O)[O-],-0.24,None
Cc1n[nH]c(C)c1[N+](=O)[O-],-0.22,None
Clc1ccc(Nc2ccccc2)cc1,0.0,None
O=[N+]([O-])c1ccc2[nH]ncc2c1,0.13,None
O=S(=O)(Nc1ncccn1)c1ccccc1,0.15,None
Cn1cc(Cl)cn1,0.16,None
O=[N+]([O-])c1ccc2[nH]c(C(F)(F)F)nc2c1,0.18,None
COc1ccc2c(c1)cc(C)n2C,0.25,None
c1ccc2c(c1)CCC2N(c1ccc2ccccc2c1)C1CCc2ccccc21,0.25,None
NC1=NS(=O)(=O)Nc2nc[nH]c21,0.28,None
COc1cnc2ccccc2n1,0.28,None
Cn1cnc2[nH]c(=O)[nH]c(=S)c21,0.3,None
C[n+]1ccccc1-c1ccccn1,0.31,None
O=C(Cc1cnccn1)c1ccccc1,0.33,None
Nc1nnnn1-c1ccc([N+](=O)[O-])cc1,0.34,None
Nc1c(Br)cccc1Br,0.36,None
COc1cccc(Nc2ccccc2)c1,0.37,None
Sc1cc2ccccc2cn1,0.39,None
c1cc[nH]c1,0.4,None
Clc1ccc(-c2ncc(-c3ccccc3)o2)cc1,0.41,None
O=[N+]([O-])c1cccc2[nH]ncc12,0.42,None
Nc1nnnn1-c1cccc([N+](=O)[O-])c1,0.47,None
CN(C)c1ncc([N+](=O)[O-])s1,0.48,None
Cn1c(=O)[nH]c2ncn(C)c2c1=O,0.5,None
Cc1nc2ccccc2n(C)c1=O,0.51,None
Cn1ncc2ccccc21,0.51,None
Clc1cncc(Cl)c1,0.55,None
Cn1ccc(=S)c2ccccc21,0.56,None
Cc1ccc(-c2cnc(-c3ccc(Br)cc3)o2)cc1,0.56,None
Cc1ccc(-c2cnc(-c3ccc(Cl)cc3)o2)cc1,0.58,None
Cc1ccnc(NS(=O)(=O)c2ccccc2)n1,0.59,None
Nc1ncc([N+](=O)[O-])s1,0.61,None
Brc1ccc(-c2cnc(-c3ccccc3)o2)cc1,0.65,None
O=[N+]([O-])c1ccc(NO)cc1,0.65,None
O=[N+]([O-])c1ccc2cn[nH]c2c1,0.66,None
CN(C)c1ccc([N+](=O)[O-])cc1,0.69,None
c1ccc(-c2nc3ccccc3s2)cc1,0.7,None
Clc1ccc(-c2cnc(-c3ccccc3)o2)cc1,0.7,None
Clc1ccccn1,0.72,None
COc1cnccn1,0.75,None
COc1ccc(O)c(N=Nc2nc(C)cs2)c1,0.77,None
O=[N+]([O-])c1ccc2[nH]c(C(F)(F)Cl)nc2c1,0.77,None
Cn1c(=O)[nH]c(=O)c2[nH]cnc21,0.78,None
NC(=S=O)c1ccccc1,0.8,None
c1ccc(-c2cnc(-c3ccccc3)o2)cc1,0.84,None
NC(=S)NCc1ccccc1,0.86,None
Cc1ccc(-c2ncc(-c3ccc(Br)cc3)o2)cc1,0.87,None
Cn1cnc2[nH]c(=O)[nH]c(=O)c21,0.87,None
CC(=O)Nc1ccc(S(=O)(=O)Nc2nccc(C)n2)cc1,0.9,None
Brc1ccccn1,0.9,None
O=c1[nH]c(=S)c2[nH]cnc2[nH]1,0.9,None
Cc1ccc(-c2cnc(-c3ccccc3)o2)cc1,0.91,None
Cc1cccc(Nc2ccccc2)c1,0.92,None
Cc1cnc2ccccc2n1,0.95,None
Cc1cc([N+](=O)[O-])cc(C)c1N,0.98,None
O=C1Nc2cncnc2NC1=C1Nc2ncncc2NC1=O,1.0,None
FC(F)(F)c1nc2ncncc2[nH]1,1.0,None
CSc1ncnc2[nH]ncc12,1.0,None
Nc1ccccc1S(N)(=O)=O,1.0,None
Nc1ccc([N+](=O)[O-])cc1,1.03,None
COc1ncnc2nccnc12,1.04,None
COc1ccc(-c2cnc(-c3ccccc3)o2)cc1,1.05,None
Cc1cc(O)n(-c2ccccc2)n1,1.07,None
CCCCN(CCCC)c1ccc([N+](=O)[O-])cc1,1.08,None
Cc1cccc(-n2nnnc2N)c1,1.08,None
Cc1ccc(-c2cnc(-c3ccc(C)cc3)o2)cc1,1.12,None
Nc1nnnn1-c1ccccc1,1.12,None
Cn1c(=O)[nH]c2nc[nH]c2c1=O,1.19,None
N#Cc1ccc(N)c2ccccc12,1.2,None
CC1=[NH+]c2ccccc2C1=CC=C1Cc2ccccc2N1C,1.22,None
Cc1ccccc1-n1nnnc1N,1.23,None
Clc1cn[nH]c1,1.24,None
Oc1cccc2scnc12,1.25,None
COc1ccc(-c2cnc(-c3ccc(C)cc3)o2)cc1,1.26,None
Nc1ccc(S(=O)(=O)Nc2ccncn2)cc1,1.3,None
c1cncnc1,1.3,None
c1ccc2nc3ccccc3nc2c1,1.31,None
COc1ncc2ccccc2n1,1.31,None
COc1ccc(C2CCC[NH+]2C)cn1,1.34,None
COc1ccc(-c2ncc(-c3ccc(C)cc3)o2)cc1,1.34,None
ON=Cc1ccccc1O,1.37,None
COc1nc2ccccc2nc1C,1.38,None
COc1ccc(Nc2ccccc2)cc1,1.38,None
Cc1n[nH]cc1Cl,1.4,None
Oc1ccc2nccnc2c1,1.4,None
Cc1cnc(C(O)C(O)C(O)CO)cn1,1.4,None
COc1ccc(-c2cnc(-c3ccc(OC)cc3)o2)cc1,1.41,None
CN(C(=O)c1ccccc1)c1ccccn1,1.44,None
Nc1nnnn1Cc1ccccc1,1.44,None
Nc1cc2ccccc2cc1[N+](=O)[O-],1.48,None
N#Cc1cccnc1,1.48,None
COc1cc(C)n(-c2ccccc2)n1,1.5,None
CN(C)S(=O)(=O)c1ccc(N)cc1,1.53,None
Cc1cc(-c2ccccc2)n(-c2ccc(C(=O)O)cc2)n1,1.59,None
CN(C)c1ccc(C=O)cc1,1.6,None
CCNc1nc(Cl)nc(NC(C)C)n1,1.61,None
Cc1cc(N)ccc1[N+](=O)[O-],1.64,None
Nc1ccc([I+]c2ccccc2)cc1,1.66,None
Brc1ccc(Nc2ccccc2)cc1,1.73,None
Cn1nncc1Nc1ccccc1,1.73,None
N#Cc1ccc(N)cc1,1.74,None
Nc1ccc(C=O)cc1,1.74,None
COC(=O)c1ccc2ccccc2n1,1.75,None
Nc1ccc(S(=O)(=O)Nc2cnccn2)cc1,1.77,None
CN(C)c1ccc(C#N)cc1,1.78,None
OC1COC(n2cnc3cncnc32)C(O)C1O,1.8,None
Nc1cccc2nnn(C3CC(O)C(CO)O3)c12,1.8,None
Oc1ccc2c(c1)Nc1ccccc1N2,1.8,None
CCCn1nnnc1N,1.8,None
CC(=O)n1cnc2ccccc21,1.8,None
O=C(N[NH+]=Cc1ccccc1)c1ccncc1,1.82,None
Cn1nnnc1N,1.82,None
Ic1ccccn1,1.82,None
Nc1nc(C(F)(F)F)c2[nH]cnc2n1,1.85,None
O=[N+]([O-])c1ccncc1,1.86,None
Nc1cccc([I+]c2ccccc2)c1,1.87,None
Nc1ccc(S(=O)(=O)Nc2cncnc2)cc1,1.9,None
Nc1cccc2c1nnn2C1CC(O)C(CO)O1,1.9,None
CC(C)n1nnnc1N,1.91,None
CSc1ncc2[nH]cnc2n1,1.91,None
O=Cc1cccc(C=O)n1,1.92,None
Oc1cccc2nnccc12,1.92,None
CSc1nccc(C)n1,1.95,None
Cc1nn(C)c(C)c1Cl,1.96,None
Cc1cc([N+](=O)[O-])ccc1N,1.97,None
Cn1cnc(=O)c(-c2ccccc2)c1,1.99,None
Cc1ccncn1,1.99,None
CC(C)(C)C(=O)n1cnc2ccccc21,2.0,None
N#CCN1CCOCC1,2.0,None
CC(=O)N(C)c1ccccn1,2.01,None
N#Cc1cncc2ccccc12,2.04,None
Cc1c[nH]c(C)c1,2.04,None
O=C1CSc2ncnc(N3CCOCC3)c2N1,2.07,None
Cc1ccnc(NS(=O)(=O)c2ccc(N)cc2)n1,2.08,None
COc1nccc(C)n1,2.1,None
Cc1cc(=O)n(C)cn1,2.1,None
Nc1ccc(S(N)(=O)=O)cc1,2.11,None
NNC(=O)CC([NH2+]CCO)C(=O)[O-],2.13,None
Cn1cc2ccccc2n1,2.13,None
Nc1ccc(S(=O)(=O)Nc2nncs2)cc1,2.15,None
CCc1cccc(N=Nc2ccc(N(C)C)cc2)c1,2.16,None
Cn1cnc2ncn(C)c2c1=O,2.16,None
CC(=O)Nc1ccc(C2CCC[NH+]2C)cn1,2.2,None
c1ccc2c(c1)nnc1ccccc12,2.2,None
COc1ncnc2nc[nH]c12,2.21,None
O=[N+]([O-])c1ccc2[nH]c(CCl)nc2c1,2.21,None
O=[N+]([O-])c1ccc2[nH]c(CO)nc2c1,2.21,None
OCNc1ccc(Cl)cc1,2.22,None
Nc1cc([N+](=O)[O-])cc2ccccc12,2.24,None
Nc1ccc(S(=O)(=O)NCc2ccco2)cc1,2.25,None
NC(=O)c1ccccn1,2.25,None
Cc1cccc(C)c1Oc1ccccn1,2.26,None
COC(=O)Nc1ncnc2nc[nH]c12,2.27,None
CC(=O)c1ccc(N)cc1,2.27,None
Cn1cnc2ncncc21,2.29,None
c1ccc2nnccc2c1,2.29,None
Cn1cncn1,2.31,None
CC(=O)c1ccccc1N,2.31,None
Cc1cccc(N=Nc2ccc(N(C)C)cc2)c1,2.33,None
Sc1cnc2ccccc2c1,2.33,None
Clc1cccc(Nc2ccccc2)c1,2.34,None
N#CCC(=O)NN,2.34,None
NC(=O)Nc1ncnc2nc[nH]c12,2.35,None
Nc1ccc(S(=O)(=O)Nc2nccs2)cc1,2.35,None
Cn1ccc(=O)c2ccccc21,2.36,None
C1COCCOCc2n[nH]c(n2)COCCOCCO1,2.36,None
CCCn1cncn1,2.36,None
Cc1ccc(N=Nc2ccc(N(C)C)cc2)cc1C,2.37,None
CCn1cncn1,2.39,None
Nc1cccc2nn(C3CC(O)C(CO)O3)nc12,2.4,None
O=Cc1ncnc2nc[nH]c12,2.4,None
Nc1ccccc1Br,2.4,None
CNC(=O)c1ccccn1,2.4,None
CCNC(=O)c1ccccn1,2.4,None
CCOC(=O)Nc1ncnc2nc[nH]c12,2.4,None
Cn1cnc2cncnc21,2.42,None
COc1ncc2[nH]cnc2n1,2.44,None
COC(=O)c1ccc(N)cc1,2.44,None
Nc1nsc2ccccc12,2.45,None
CSc1ccc(N)c(I)c1,2.45,None
COc1cc(S(C)=O)ccc1-c1cn2ccnc(OC)c2n1,2.46,None
CSc1ccc(N)cc1[N+](=O)[O-],2.47,None
Cn1cccn1,2.48,None
CCCOC(=O)c1ccc(N)cc1,2.49,None
NC(=O)c1cc(-c2ccccc2)nnc1NCC[NH+]1CCOCC1,2.5,None
c1nc[nH]n1,2.5,None
C[n+]1cccnc1[O-],2.5,None
Cn1ncc2cncnc21,2.5,None
c1cc2nccnc2cn1,2.5,None
COc1ncnc2c1cnn2C,2.51,None
Cc1ncnc2ccccc12,2.52,None
Nn1cnnc1,2.53,None
C[NH+]1CCn2c(nc3ccccc32)C1,2.55,None
CSc1ccc(N)c(Cl)c1,2.56,None
Cc1cc(N)cc(C)c1[N+](=O)[O-],2.56,None
O=C(O)c1nccs1,2.57,None
CCc1ccc(N=Nc2ccc(N(C)C)cc2)cc1CC,2.58,None
ONc1ccc(Cl)cc1,2.58,None
CN(C)c1cccc([N+](=O)[O-])c1,2.58,None
CCc1cc(N=Nc2ccc(N(C)C)cc2)ccc1C,2.59,None
CN(C)c1cccc([N+](C)(C)C)c1,2.6,None
Oc1ccc2nc3ccccc3nc2c1,2.6,None
CN1Cc2c(ccc3c2OCO3)-c2ccc3cc4c(cc3c21)OCO4,2.6,None
c1cscn1,2.6,None
Nc1c2[nH]cnc2nc[n+]1[O-],2.6,None
Cc1ncnc2nc[nH]c12,2.6,None
Oc1c(Br)cc(Br)c2cccnc12,2.6,None
Nc1ncnc2c1nnn2Cc1ccco1,2.6,None
COC(=O)c1ccc(N(C)C)cc1,2.61,None
c1cn[nH]c1,2.61,None
Oc1c(I)cc(Cl)c2cccnc12,2.61,None
OCc1nc2ncncc2[nH]1,2.62,None
Nc1cccc2nccnc12,2.62,None
CN(C)c1ccc([N+](C)(C)C)cc1,2.64,None
Nc1ccccc1Cl,2.64,None
C[n+]1c(NN)ccc2ccccc21,2.66,None
[O-][n+]1cnc2[nH]cnc2c1NCc1ccccc1,2.66,None
c1ccc(-c2nc3ncncc3[nH]2)cc1,2.68,None
COc1cc(S(C)=O)ccc1-c1nc2ncncc2[nH]1,2.69,None
Cc1ccc2c(c1)sc(-c1ccc(N(C)C)cc1)[n+]2C,2.69,None
c1ccc(CSc2nc(SCc3ccccc3)c(-c3ccccc3)[nH]2)cc1,2.7,None
Cc1cc(C)ncn1,2.7,None
Nc1cccc2nnccc12,2.7,None
Oc1c(I)cc(I)c2cccnc12,2.7,None
Oc1cccc2ccnnc12,2.72,None
Clc1cccnc1,2.77,None
Nc1ncnc2scnc12,2.77,None
CCOC(=O)c1cnc(N(C)C)s1,2.77,None
COc1cc(C=Nc2ncc3nc[nH]c3n2)ccc1O,2.79,None
Nc1cccc2c([N+](=O)[O-])cccc12,2.8,None
C=CCc1c(O)n[nH]c1C,2.8,None
N#Cc1ccc2c(c1)CCN2,2.8,None
CNc1nnc(-c2ccccc2)s1,2.8,None
Nc1cccc2cncnc12,2.81,None
Nc1ccc(N=Nc2ccccc2)cc1,2.82,None
Nc1cccc2ccc([N+](=O)[O-])cc12,2.83,None
Nc1cncnc1,2.83,None
c1ncc2cn[nH]c2n1,2.84,None
CNc1ncnc2scnc12,2.84,None
CN(C)c1ccc(N=Nc2ccccc2)cc1,2.85,None
Cc1nnc(C)c(C)n1,2.85,None
Nc1ccc2cccc([N+](=O)[O-])c2c1,2.86,None
[O-][n+]1cnc(NCc2ccccc2)c2nc[nH]c21,2.86,None
Nc1cccc(S(N)(=O)=O)c1,2.87,None
Cc1c(Br)cc(N)cc1Br,2.87,None
COc1cc(S(C)=O)ccc1-c1cn2ccncc2n1,2.88,None
O=[N+]([O-])c1ccc(O)c2ncccc12,2.88,None
Oc1c(Cl)cc(Cl)c2cccnc12,2.89,None
O=C(O)c1cscn1,2.9,None
CC(C)(C)c1cc(O)[nH]n1,2.9,None
Nc1nnc(-c2ccccc2)s1,2.9,None
Cc1ncnc2nccnc12,2.92,None
CC(C)(C)c1cc(N)cc(C(C)(C)C)c1[N+](=O)[O-],2.93,None
Cc1nc2cncnc2nc1C,2.93,None
O=[N+]([O-])c1ccc2[nH]c(-c3ccccc3)nc2c1,2.95,None
CSc1nc2ncncc2[nH]1,2.95,None
Nc1ccc2nccnc2c1,2.95,None
NC(=NO)C(N)=NO,2.97,None
Fc1cccnc1,2.97,None
CN(C)c1cccc(C#N)c1,2.97,None
C[NH+](C)Cc1cnc2ccc(-c3ccccc3)nn12,2.99,None
CCNc1nnc(-c2ccccc2)s1,3.0,None
CC(=O)Nc1cccc2cc3ccccc3nc12,3.0,None
Cc1ccc(N)cc1[N+](=O)[O-],3.0,None
Nc1ccccc1NC(=O)c1ccc([N+](=O)[O-])cc1,3.01,None
NNC(=O)c1ccccc1,3.02,None
Clc1ccnc2c1ccc1c(Cl)ccnc12,3.03,None
Cc1ccc(N=Nc2ccc(N)cc2)cc1,3.04,None
CCOC(=O)c1cnc(N)s1,3.04,None
Nc1ccc2c(c1Br)CCCC2,3.05,None
Nc1cc2c(cc1Br)CCCC2,3.05,None
COc1nccc2ccccc12,3.05,None
Cn1c(=O)n(C)c2c(N)cccc21,3.06,None
C#CCNc1ccccc1,3.06,None
FC(F)(F)c1cccc2ncccc12,3.09,None
COc1ccc(-c2nc3ncncc3[nH]2)c(OC)c1,3.09,None
O=Cc1ccc2ccccc2n1,3.1,None
Cc1nc2[nH]c(=O)[nH]c(=O)c2[nH]1,3.1,None
CSc1nc(N)c2[nH]cnc2n1,3.1,None
CS(=O)Cc1ccccn1,3.1,None
O=[N+]([O-])c1ccc(C=Nc2ncccn2)cc1,3.12,None
COc1cc2c(cc1OC)C13CCN4C1CC1C(=CCOC5CC(=O)N2C3C51)C4S(=O)(=O)[O-],3.12,None
Oc1ccc2ncncc2c1,3.12,None
COc1ncnc2ccccc12,3.13,None
Nc1cnccn1,3.14,None
Cc1cscn1,3.14,None
NS(=O)(=O)c1ccccc1C(=O)O,3.14,None
Nc1cccc2cc([N+](=O)[O-])ccc12,3.15,None
CC1(C)CC(=O)C=C(N2CCCC2)C1,3.15,None
Cc1cc(C)[n+](C)c([S-])n1,3.15,None
Nc1n[nH]c2ccccc12,3.15,None
FC(F)(F)c1ccc2cccnc2c1,3.16,None
CC(=O)n1cccn1,3.16,None
COc1ccc2ccccc2n1,3.17,None
Cc1cc(-c2ccccc2)nn2c(C[NH+](C)C)cnc12,3.18,None
Cc1n[nH]c2c(N)cccc12,3.18,None
Cc1cnnc2c(O)cccc12,3.18,None
COc1nc(N)c2ncn(C3OC(CO)C(O)C3O)c2n1,3.2,None
[NH3+]c1ccc(C=NNC(=O)c2ccncc2)cc1,3.2,None
Cc1ccc(N2CCCC(=O)C(O)CCC2)cc1,3.2,None
Cn1c(N)nc2nc[nH]c2c1=O,3.2,None
CCOC(=O)c1cccnc1,3.2,None
COc1cnnc2ccccc12,3.21,None
c1ccc(CSc2ccccn2)cc1,3.23,None
COC(=O)c1cccnc1,3.23,None
C#CC(C)Nc1ccccc1,3.25,None
O=[N+](O)C1=CC=CC1,3.25,None
CSc1cc(C)ncn1,3.25,None
Oc1ccc(C=Nc2ncc3nc[nH]c3n2)cc1,3.27,None
CCOCCNc1ccc(Cl)cc1,3.28,None
Nc1cccc2[nH]ncc12,3.29,None
Nc1ccc2ncncc2c1,3.29,None
CN(C)c1ccc(SC#N)cc1,3.3,None
COCCNc1ccc(Cl)cc1,3.3,None
Oc1ccc2ccnnc2c1,3.31,None
[SH2+]c1cccc2ncccc12,3.31,None
CC(=O)c1ccc(N=Nc2c(N)n[nH]c2N)cc1,3.32,None
NC(=O)c1cccnc1,3.32,None
O=C(Nc1ccccn1)c1ccccc1,3.33,None
O=C(NN=Cc1ccccc1O)c1ccncc1,3.33,None
CCCCCCCN(CCCCCCC)c1ccccc1,3.33,None
COc1cc2c(OC)ncnc2c(OC)c1OC,3.34,None
COc1ccccn1,3.34,None
Oc1ccccc1C=Nc1ncc2nc[nH]c2n1,3.38,None
CSc1ccc(N)cc1Cl,3.38,None
COc1ccc(N=Nc2c(N)n[nH]c2N)cc1,3.39,None
Nc1n[nH]c(N)c1N=Nc1ccc(C(=O)O)cc1,3.4,None
Nc1ccc(Cl)c2ccccc12,3.4,None
CC(C)S(=O)(=O)n1c(N)nc2ccc(C(=CC(N)=O)c3cc(F)ccc3F)cc21,3.4,None
O=Cc1ncccc1O,3.4,None
CSc1cc2ccccc2cn1,3.41,None
CC(C)S(=O)(=O)n1c(N)nc2ccc(C(=CC(N)=O)c3cccc(F)c3)cc21,3.41,None
Nc1cccc(Br)c1,3.41,None
Oc1cccc2cncnc12,3.41,None
Cc1ccc(NCO)cc1,3.42,None
C=CCOc1nc(N)nc(N)n1,3.43,None
COCc1cccc(COC)n1,3.43,None
O=S(=O)([O-])c1ccncc1,3.44,None
CSc1ccc(N)cc1I,3.44,None
CCn1nnc(CC(=O)O)n1,3.45,None
Cc1cccnn1,3.46,None
O=[N+]([O-])c1cccc2cnccc12,3.46,None
c1ccc(C2=Nc3ccccc3CO2)cc1,3.48,None
Nc1n[nH]c(N)c1N=Nc1ccc(O)cc1,3.48,None
Cc1cnc2cncnc2n1,3.49,None
CCCCc1nc(N)c2ncsc2n1,3.49,None
CCc1c(C)nn(C)c1O,3.5,None
c1ccc2ncncc2c1,3.51,None
CC(=O)N(C)c1cccnc1,3.52,None
Nc1ncnc2c1ncn2C1OC(CO)C(O)C1O,3.53,None
Cn1ncc2c(Nc3ccccc3)ncnc21,3.53,None
Cc1cc(Br)cc(C)c1N,3.54,None
Brc1cncc2ccccc12,3.54,None
COc1ccc([N+](=O)[O-])c2cccnc12,3.55,None
COC(=O)c1cccc(N)c1,3.55,None
Cc1cn(C)nc1C,3.56,None
NC(=O)c1ccncc1,3.57,None
Cc1cnn(C)c1C,3.58,None
CCc1cccnn1,3.58,None
Cc1cc(Br)ccc1N,3.58,None
Nc1cccc(Cl)c1,3.59,None
Nc1cccc(I)c1,3.59,None
CCCc1cccnn1,3.59,None
Cc1nc(C)nc(N)n1,3.6,None
CC(=O)c1ccncc1,3.6,None
Nc1cc[n+]([O-])cc1,3.61,None
CNc1nc(SC)nc2[nH]ncc12,3.61,None
CC(=O)c1cccc(N)c1,3.61,None
CN(C)c1ncnc2c1ncn2C1OC(CO)C(O)C1O,3.65,None
CCCc1ccc(C2CCC[NH+]2C)cn1,3.65,None
Oc1ccc2nnccc2c1,3.65,None
Cc1ccnc(N=Cc2ccc([N+](=O)[O-])cc2)n1,3.66,None
CN(C(=O)c1ccccc1)c1cccnc1,3.66,None
Nc1ncc(Cl)s1,3.66,None
Cc1cc[nH]n1,3.66,None
CN(C)c1ncc(Br)s1,3.66,None
Nc1cc2ccccc2nn1,3.66,None
CCOCCNc1cccc(OC)c1,3.67,None
Nc1cccc2ccnnc12,3.68,None
CCc1ccc(C2CCC[NH+]2C)cn1,3.69,None
COCCNc1cccc(OC)c1,3.7,None
Clc1cccc(-c2ccccn2)n1,3.7,None
COc1cc(S(C)=O)ccc1-c1cn2cccnc2n1,3.7,None
COc1ccnnc1,3.7,None
Nc1nc2nc[nH]c2c(N)[n+]1[O-],3.7,None
Brc1ccc2c(c1)CCN2,3.7,None
CCCCCc1cccnn1,3.7,None
CSc1ccc2ccccc2n1,3.71,None
Cc1nnc(N)nc1C,3.71,None
Nc1ccc(B(O)O)cc1,3.71,None
CN(CO)c1ccccc1,3.72,None
COc1ccc(OC)c(N)c1,3.72,None
COc1ccc(NCO)cc1,3.72,None
Nc1nc2ccccc2o1,3.73,None
Cc1ccc(N(C)CO)cc1,3.73,None
COc1nc2ccccc2[nH]1,3.75,None
O=[N+]([O-])c1ccc2[nH]cnc2c1,3.77,None
Cc1[nH]c(C)c(C)c1C,3.77,None
Cc1ccc(C2CCC[NH+]2C)cn1,3.78,None
N#CCc1cccnc1,3.78,None
SCCNc1ccccc1,3.78,None
Nc1ccc(I)cc1,3.79,None
Clc1ccnc(-c2ccccn2)c1,3.8,None
NC(=O)c1cncc2ccccc12,3.8,None
COC(=O)c1ccc2ncccc2c1,3.8,None
O=C(Nc1cccnc1)c1ccccc1,3.8,None
COc1cc(S(C)=O)ccc1-c1nc2[nH]ncc2[nH]1,3.8,None
NC(=O)C(c1ccccc1)c1ccccn1,3.8,None
COc1cc(C(N)=O)ccc1-c1nc2c(ncn2C)[nH]1,3.8,None
Brc1c[nH]cn1,3.8,None
CNC(=O)c1ccncc1,3.8,None
ON=C(NO)c1ccccc1,3.8,None
CC(C)(C)CC(=O)n1ccnc1,3.8,None
COc1cc(S(C)=O)ccc1-c1nc2cnncc2[nH]1,3.81,None
Cn1ccc(N)n1,3.81,None
COc1ccc2nc3ccccc3cc2c1,3.82,None
CN(C)c1cccc(Cl)c1,3.83,None
Cc1cccc(C)c1N,3.84,None
CC1=Nc2ccccc2N=C(C)C1,3.85,None
O=Cc1ccccn1,3.86,None
Cn1ncc2c(NCCO)ncnc21,3.86,None
CN(C)c1ncnc2nc[nH]c12,3.87,None
CCOC(=O)c1cnc2ccccc2c1OCC,3.88,None
Nc1ncnc2c1cnn2-c1ccccc1,3.89,None
COc1cccnc1C=O,3.89,None
Brc1cnc2c(ccc3cc(Br)cnc32)c1,3.9,None
Oc1cc2cccnc2c2cccnc12,3.9,None
COc1cc(S(C)=O)ccc1-c1nc2ncc(N)cc2[nH]1,3.9,None
Cc1nc(C(=O)[O-])cs1,3.9,None
Nc1cccc2ccccc12,3.92,None
c1ccc(Nc2ncnc3[nH]ncc23)cc1,3.92,None
CSc1nccc2ccccc12,3.93,None
Nc1cnc2ccccc2n1,3.93,None
ON=Cc1cccnc1,3.94,None
Oc1ccc2cnncc2c1,3.94,None
COc1cc(OS(C)(=O)=O)ccc1-c1cn2cccnc2n1,3.95,None
O=C([O-])C1OC(Oc2cnc3ccccc3c2)C(O)C(O)C1O,3.95,None
[SH2+]c1ccc2ncccc2c1,3.95,None
Clc1ccc(-c2ccc(Cl)cn2)nc1,3.96,None
Clc1ccc(CNc2ncnc3[nH]ncc23)cc1,3.96,None
Cc1cc(C)n(C)n1,3.96,None
Nc1ccc(Cl)cc1,3.96,None
CN(C)c1ncccn1,3.96,None
Nc1ncc2[nH]c(-c3ccccc3)nc2n1,3.98,None
COc1cc(C(N)=O)ccc1-c1nc2nn(C)cc2[nH]1,3.98,None
CCN(CC#N)CC#N,3.98,None
Cc1ccc(C)nn1,3.99,None
Cn1c(CBr)nc2c(O)ccc(O)c21,3.99,None
CC(=O)c1ccc(O)c2ncccc12,4.0,None
Nc1nccnn1,4.0,None
Cc1ncc(C[NH3+])c(N)n1,4.0,None
Cc1cc(C)n(C)c(=O)n1,4.0,None
CC(C)(C)CC(=O)n1cnc(Br)c1,4.0,None
CCOP(=O)(CN1CCOCC1)OCC,4.0,None
c1cncc(C2CCCCN2)c1,4.01,None
OCC1OC(n2cnc3ccccc32)C(O)C(O)C1O,4.01,None
Nc1cccc2cccnc12,4.01,None
Cc1ccc(N)cc1Br,4.02,None
O=C(NNc1ccc(Br)cc1)c1ccncc1,4.03,None
Brc1ccnc2c1ccc1cccnc12,4.03,None
CCc1ccnnc1C,4.03,None
Cn1c(CCl)nc2c(O)ccc(O)c21,4.03,None
CCOCCNc1ccccc1,4.04,None
OCNc1nc(NCO)nc(NCO)n1,4.05,None
Cc1ccc(N)cc1Cl,4.05,None
CSc1cccc(N)c1,4.05,None
COCCNc1ccccc1,4.05,None
CN(C)c1ncnc2c1cnn2C,4.06,None
CCOC(=O)c1cnc2cc3c(cc2c1OCC)OCO3,4.09,None
COc1ccc(N)cc1Br,4.09,None
OCCNc1ccccc1,4.09,None
Cc1ccc2cccc(C)c2n1,4.1,None
COc1ccc(OC)c2c1nc(CCl)n2C,4.1,None
OCC1OC(n2cnc3c2ncn2ccnc32)C(O)C1O,4.1,None
CCOCCN(CCOCC)c1ccccc1,4.1,None
Cc1ccnnc1C,4.1,None
Cc1cnc(C)c(O)c1C=O,4.1,None
CNc1cnc2ccccc2n1,4.1,None
OCCN(CCO)c1ccccc1,4.11,None
Nc1cc[nH]n1,4.11,None
Cc1cnnc(C)c1,4.11,None
CCCCCCCCCCCCNc1ccccc1,4.12,None
c1cnc2ncncc2n1,4.13,None
Cc1cnncc1C,4.13,None
Nc1cccc2c(O)cccc12,4.15,None
c1ccc(CNc2ncnc3[nH]ncc23)cc1,4.16,None
Nc1ncc(Sc2ccccc2)s1,4.16,None
CC(C)(C)CNc1ccccc1,4.17,None
COc1cc(NS(C)(=O)=O)ccc1-c1cn2cccnc2n1,4.17,None
CCc1cnnc(C)c1,4.17,None
CCc1ccc(C)nn1,4.17,None
C=CCNc1ccccc1,4.17,None
CCN(CC)CC#N,4.18,None
c1ccc(-c2ccco2)nc1,4.18,None
Nc1ncnc2c1ncn2C1CCCCC1,4.19,None
CCNc1cccc2ccccc12,4.19,None
CC(=C(S)CCO)N(C=O)Cc1cnc(C)nc1N,4.19,None
c1nc(NC2CCCCC2)c2[nH]cnc2n1,4.2,None
Oc1ccccc1-c1ccccn1,4.2,None
Brc1cc2cccnc2c2ncccc12,4.2,None
c1ccc(CCNc2ncnc3nc[nH]c23)cc1,4.2,None
c1cc(N2CCOCC2)ccc1N1CCOCC1,4.2,None
Cc1ccnc(N)n1,4.2,None
CCCCNc1ncnc2c1cnn2C,4.22,None
Clc1cc2cccnc2c2ncccc12,4.22,None
NOCc1ccc(Cl)cc1,4.22,None
Cn1nccc1N,4.23,None
COc1cccc(N)c1,4.23,None
CCOCCNc1cccc(C)c1,4.24,None
COc1ccc(N)cn1,4.24,None
CN(CCC#N)CCC#N,4.24,None
CNc1ncnc2c1cnn2C,4.24,None
O=Cc1ccnc2ccccc12,4.25,None
Nc1ccc(Sc2ccc(N)cc2)cc1,4.25,None
c1ccc2c(c1)ccc1cccnc12,4.25,None
ON=C(Cc1ccccc1)NO,4.25,None
CCCc1ccc(C)nn1,4.25,None
CCOC(=O)Cc1ccccn1,4.25,None
CCCCc1ccccc1N,4.26,None
C#CC(C)(C)Nc1ccccc1,4.26,None
Nc1cccc(-c2ccccc2)c1,4.28,None
Nc1cccc(O)c1,4.29,None
Nc1ncnc2c1cnn2CCO,4.29,None
c1ccc(N2CCCC2)cc1,4.3,None
CN(C)c1ccc(C=Cc2cc[n+]([O-])cc2)cc1,4.3,None
Nc1nc[nH]n1,4.3,None
Nc1ccc(Cl)cc1N,4.3,None
O=C([O-])c1nc2cc(Cl)ccc2[nH]1,4.3,None
Cc1ncc2c(c1O)C(O)OC2,4.3,None
Oc1cnc2ccccc2c1,4.3,None
Cc1ccc2c(c1)ncn2C1OC(CO)C(O)C(O)C1O,4.32,None
Cc1cc(C)[nH]n1,4.32,None
Cn1ncc2c(N)ncnc21,4.32,None
Fc1cc2nc[nH]c2cc1Cl,4.33,None
c1ccc(Nc2nccs2)cc1,4.33,None
COc1ccc(-c2cn3cccnc3n2)c(OC)c1,4.34,None
NOCc1ccccc1,4.34,None
Cc1cc(Br)cc(C)c1N(C)C,4.36,None
Cn1ccc2ccc3cccnc3c21,4.36,None
CCCc1ccccc1N,4.36,None
C[Si](C)(C)c1ccc(N)cc1,4.36,None
CCc1ccccc1N,4.37,None
Nc1ccc(-c2ccccc2)cc1,4.38,None
Oc1ccc2c(cnc3ccccc32)c1,4.39,None
c1ccc2nc3ccc4ccccc4c3cc2c1,4.39,None
Nc1cccc2cc3ccccc3nc12,4.4,None
CC(=O)Nc1cccc2nc3ccccc3cc12,4.4,None
c1nc(NC2CCCCC2)c2ncn(C3CCCCC3)c2n1,4.4,None
CCCCCCCCCCCCCCCC[NH+](CCCCCCCCCCCCCCCC)CCCn1ccnc1,4.4,None
Fc1cccc2[nH]cnc12,4.4,None
CSc1ccc(N)cc1,4.4,None
N#CC(N)c1ccccc1,4.4,None
Cc1cc2cccc(C)c2nc1C,4.41,None
COc1ccc(CON)cc1,4.42,None
C[NH+](C)CCCNc1c([N+](=O)[O-])cnc2ccccc12,4.43,None
OC(c1ccccc1)c1ccccn1,4.44,None
CSc1cccnc1,4.45,None
COc1cnccc1C=O,4.45,None
Cc1ccccc1N,4.45,None
CC(=O)Nc1ccc(N)cc1,4.46,None
CNc1cc[n+](C)c([O-])n1,4.47,None
Cc1ccc(C)c(N)c1,4.47,None
Cc1nn(C)c(C)c1C,4.48,None
Cn1c(=O)c2c(ncn2CC(=O)[O-])n(C)c1=O,4.48,None
Nc1nc(N)c2cnn(-c3ccccc3)c2n1,4.49,None
Cc1c(N)ccc2c1-c1c(ccc3ccccc13)C2,4.49,None
CSc1cccc2ncccc12,4.5,None
Cc1cccc2cc3ccccc3nc12,4.5,None
CC[NH2+]C(=CC(=O)c1cccc(S(=O)(=O)[O-])c1)n1ccnc1,4.5,None
CN(C)CC#N,4.5,None
N#CCCNc1ccccc1,4.5,None
Oc1ccc(O)c2ncccc12,4.5,None
Nc1nc2ccccc2s1,4.51,None
COc1ccccc1N,4.51,None
CCOc1ccccc1N,4.51,None
C=CCc1ccc2cccnc2c1O,4.52,None
Nc1ccc2nc3ccccc3nc2c1,4.52,None
C[n+]1ccc(N)nc1[O-],4.52,None
COc1ccc(N=Nc2ccncc2)cc1,4.53,None
CNc1ncnc2[nH]ncc12,4.53,None
CN(C)c1ncnc2[nH]ncc12,4.53,None
c1ccc2c(c1)C1CCN2c2ccccc21,4.54,None
CN(C)c1ccc(N=O)cc1,4.54,None
ON=Cc1ccnc2ccccc12,4.55,None
CNc1cc[nH+]c([O-])n1,4.55,None
Nc1ccccc1O,4.55,None
N#CCN1CCCCC1,4.55,None
CCN(CCC#N)CCC#N,4.55,None
O=[N+]([O-])c1ccc(C2NCCS2)cc1,4.55,None
CCCCCCCCCCNc1ccccc1,4.56,None
Cc1cccc(N)c1C,4.56,None
C=CC(C)Nc1ccccc1,4.57,None
CN(C)c1ccc2ccccc2c1,4.57,None
ON=Cc1ccncc1,4.58,None
Nc1ccccc1B(O)O,4.58,None
CCNc1cc[nH+]c([O-])n1,4.58,None
Cc1nc(N)nc(N)n1,4.59,None
Nc1ncnc2[nH]ncc12,4.59,None
CNc1ccccc1C,4.59,None
Nc1cccc2cccc(N)c12,4.6,None
C[N+](C)(C)CCOC(=O)C=Cc1c[nH]cn1,4.6,None
COCCCCNc1ccccc1,4.6,None
CCCCC(CC)CNc1ncnc2[nH]ncc12,4.6,None
CC1(C)SC2C(NC(=O)Cc3ccc(N)cc3)C(=O)N2C1C(=O)[O-],4.6,None
Nc1ccccc1,4.6,None
CCNc1ncnc2[nH]ncc12,4.6,None
CN(O)Cc1ccccc1,4.6,None
Nc1ccc2cncnc2c1,4.6,None
Cc1n[nH]c2ncnc(N)c12,4.61,None
Cn1c(N)nc(=O)c2[nH]cnc21,4.61,None
CC(C)CCNc1ncnc2[nH]ncc12,4.62,None
O=C([O-])C1OC(Oc2cccc3cccnc23)C(O)C(O)C1O,4.62,None
CC(=O)N(C)c1ccncc1,4.62,None
CC(C)Nc1ncnc2[nH]ncc12,4.62,None
CON,4.62,None
Nc1ccc2c(c1)Cc1c(O)cccc1-2,4.63,None
COc1ccc(-c2nc3ncccc3[nH]2)c(OC)c1,4.63,None
O=Cc1ccncc1,4.63,None
OCc1nc2cc(Cl)ccc2[nH]1,4.63,None
O=[N+]([O-])c1cccc(C2NCCS2)c1,4.63,None
C[NH+](C)CCN1C=Nc2cccc3cccc1c23,4.64,None
Nc1ccc(F)cc1,4.64,None
CC1=Nc2ccccc2CO1,4.64,None
Cc1nc(NCc2ccco2)c2cn[nH]c2n1,4.65,None
Oc1ccc(N=Nc2ccncc2)cc1,4.65,None
Nc1nc(NCO)nc(NCO)n1,4.65,None
Nc1nc(N)nc(Nc2ccccc2)n1,4.65,None
CC=Cc1ccc2cccnc2c1O,4.66,None
OCc1ccccn1,4.66,None
O=C([O-])c1ccc([N+](=O)[O-])c2cccnc12,4.67,None
Nc1ccc2c(c1)-c1c(ccc3ccccc13)C2,4.67,None
CCCCNc1ncnc2[nH]ncc12,4.67,None
O=C([O-])c1cnc2ccccc2c1,4.68,None
Nc1ccc2c(c1)-c1ccccc1C2,4.68,None
CN(C(=O)c1ccccc1)c1ccncc1,4.68,None
Nc1nc2ncncc2[nH]1,4.68,None
Cc1ccc(N2CCCC2)cc1,4.69,None
Cc1nn(C)c2c1C(c1ccccc1F)=NCC(=O)N2C,4.69,None
c1ccc(-c2cc3c(-c4ccccc4)ccnc3c3ncccc23)cc1,4.69,None
CC(=O)Nc1ccc2nc3ccccc3cc2c1,4.7,None
Nc1cccc(C(=O)[O-])c1,4.7,None
Cc1cccc(N)c1,4.7,None
c1ccc(-c2ccc3nccn3n2)cc1,4.71,None
CCN(CC)c1ncnc2[nH]ncc12,4.71,None
c1ccc(-c2cc3cccnc3c3ncccc23)cc1,4.72,None
Cn1cccc1-c1cccnc1,4.73,None
Nc1ccc2c(c1)Cc1cccc(O)c1-2,4.73,None
CCc1cc(C)nnc1C,4.73,None
Cc1ccc(N)c(C)c1,4.75,None
COc1c(C)ncc(CO)c1C=O,4.75,None
COc1cc(S(C)=O)ccc1-c1nc2ccccc2[nH]1,4.76,None
Cc1c[n+](C)c([O-])nc1N,4.76,None
NC(CC(N)=NO)=NO,4.77,None
Nc1cnc2cc3ccccc3cc2c1,4.78,None
CNc1nc2ncncc2[nH]1,4.78,None
CCOCCN(C)c1ccccc1,4.8,None
Cc1ccc2nc3ccc(N)cc3nc2c1,4.8,None
CNc1ccccc1,4.8,None
Nc1ncc2ccccc2n1,4.8,None
O=C(C=Cc1c[nH]cn1)OCCCl,4.8,None
Oc1cncc2ccccc12,4.8,None
Cc1cc(C)c(C)nn1,4.81,None
Cc1cc(C)cc(N)c1,4.81,None
O=C([O-])c1ccc2ncccc2c1,4.82,None
Oc1ccc2c(c1)ncc1ccccc12,4.82,None
c1ccc(-c2cnc3c(ccc4cccnc43)c2)cc1,4.82,None
Cc1n[nH]c(C)c1C,4.82,None
CN(C)c1cccc2ccccc12,4.83,None
Cc1c(N)ccc2c1-c1ccccc1C2,4.83,None
Nc1ccc(Cl)cn1,4.83,None
Cc1n[nH]c2c(NCc3ccco3)ncnc12,4.84,None
Cc1cc(-c2ccccc2)nn2ccnc12,4.84,None
Cc1cc(-c2ccccc2)n[n+](CCN2CCOCC2)c1N,4.84,None
c1cncc(-c2ccncc2)c1,4.85,None
COc1cccc(OC)c1-c1nc2ncccc2[nH]1,4.85,None
CN(CC[NH+](C)C)c1ccnc2cccc([N+](=O)[O-])c12,4.86,None
Clc1ccc2[nH]cnc2c1,4.86,None
Cc1cccc2cccnc12,4.87,None
Cc1ncc2nccnc2n1,4.87,None
C=Cc1cccnc1,4.87,None
Nc1ccccc1C(=O)[O-],4.87,None
C=CC(C)(C)Nc1ccccc1,4.88,None
Nc1ccc2c(c1)Cc1cc(O)ccc1-2,4.88,None
CCCCN(CCCC)c1nnc(-c2ccccc2)cc1C,4.88,None
O=C1CCC2N1CCC1c3ccccc3CCN12,4.89,None
COc1ccc(S(=O)(=O)CCN2CCOCC2)c(OC)c1OC,4.89,None
CCCCCCN(CCCCCC)c1ccccc1,4.89,None
CN(CCO)c1ccccc1,4.89,None
c1ccc2ncccc2c1,4.89,None
C[NH+](C)CCNc1c2ccccc2nc2cccc([N+](=O)[O-])c12,4.9,None
c1ccc(-c2ccc3ccc4cccnc4c3n2)cc1,4.9,None
NC(=O)Nc1[nH]cnc1C(=O)[O-],4.9,None
O=C([O-])c1ccncc1,4.9,None
Nc1ncc(-c2ccccc2)s1,4.9,None
O=C([O-])C1OC(Oc2cccc3ncccc23)C(O)C(O)C1O,4.91,None
c1ccc2cc3ncccc3cc2c1,4.92,None
CCNc1ccccc1C,4.92,None
Cc1cnc2c(O)cccc2c1,4.93,None
Cc1cc2ccccc2nc1C,4.93,None
Ic1cccc(C2NCCS2)c1,4.93,None
c1cncc(-c2ccoc2)c1,4.93,None
CN(C)c1ccc(NC(=O)C=NO)cc1,4.94,None
Cc1ccc(N)cc1C,4.94,None
CNc1cccc(C)c1,4.94,None
CC(C)(C)c1ccc(N)cc1,4.95,None
CC(C)(C)c1cccc(C(C)(C)C)n1,4.95,None
CC(=NO)NO,4.95,None
Cc1ncc(CO)c(CO)c1O,4.96,None
O=C([O-])c1ccc2ccccc2n1,4.97,None
O=C([O-])c1nccc2ccccc12,4.97,None
CC(C)(C)c1cc(N)cc(C(C)(C)C)c1,4.97,None
O=C(CN1CCOCC1)NCc1ccccc1,4.98,None
CCc1cnc2c(ccc3cccnc32)c1,4.98,None
CCOCCNc1ccc(OC)cc1,4.99,None
CSc1nc2cc3c(cc2[nH]1)CCCC3,5.0,None
Cc1cnc2c(ccc3cccnc32)c1,5.0,None
O=C([O-])C1OC(Oc2ccc3ncccc3c2)C(O)C(O)C1O,5.0,None
C[NH+](C)CCCNc1c2ccccc2nc2c(Cl)ccc([N+](=O)[O-])c12,5.0,None
Nc1ncnc2cn[nH]c12,5.0,None
Cc1ccc(N)c(N)c1,5.0,None
Nc1ccc2[nH]c(=O)[nH]c2c1,5.0,None
Cc1nc(N)c2cnn(C)c2n1,5.0,None
Cc1ccc2c(c1)CCN2,5.0,None
Cc1ccc2ccc(C)nc2c1,5.01,None
Clc1ccc(C2NCCS2)cc1,5.01,None
COCCNc1ccc(OC)cc1,5.02,None
Cc1n[nH]c2c(N)ncnc12,5.02,None
CC1CN=C(C(C)(C)C)S1,5.02,None
Nc1cccc2ccc3ncccc3c12,5.03,None
CC(=O)n1ccnc1C,5.03,None
Nc1ccc2nnccc2c1,5.04,None
COc1ccc2ncccc2c1,5.05,None
Nc1nc(N)c2[nH]cnc2n1,5.05,None
Nc1cc2ccccc2cn1,5.05,None
NC=NO,5.05,None
Nc1nc(N)nc(N)n1,5.06,None
NC(=O)Cc1ccncc1,5.08,None
CNc1nc(C)nc2nc[nH]c12,5.08,None
Cc1ccc(NCCS)cc1,5.08,None
CCCCCCCNc1ccccc1,5.09,None
NC(=O)CCc1ccccn1,5.09,None
Cc1ccc2ncccc2c1,5.1,None
Nc1c(O)cccc1O,5.1,None
Nc1nc(N)nc(N(CCO)CCO)n1,5.1,None
CCCCNc1ccccc1,5.11,None
Cc1cc(C)c2ccccc2n1,5.11,None
Fc1ccc2[nH]cnc2c1,5.11,None
Cc1cc(-c2ccccc2)n[n+](C)c1NCCN1CCOCC1,5.12,None
CCCNc1ccccc1,5.12,None
Cc1nc(C(=O)[O-])ccc1O,5.13,None
Cc1ccc(C(N)=NO)cc1,5.14,None
c1ccc(CNc2nccs2)cc1,5.15,None
Cc1cnc2ccccc2c1,5.15,None
c1ccc2c(c1)ccc1ncccc12,5.15,None
CCC(=NO)NO,5.15,None
CCCn1ccnc1C=O,5.15,None
Cc1cc(N)cc(C)c1C,5.15,None
CCc1ccc(N)cc1,5.16,None
Cc1nc2cc([N+](=O)[O-])ccc2[nH]1,5.16,None
CCc1c(C)nnc(C)c1C,5.17,None
Nc1ccc(Oc2ccc(N)cc2)cc1,5.18,None
Nc1nc(NCCO)nc(NCCO)n1,5.18,None
Nc1cccnn1,5.19,None
OCCNc1nc(NCCO)nc(NCCO)n1,5.19,None
CC(C)CN(C)c1ccccc1,5.2,None
CCCCCNc1ccccc1,5.2,None
Nc1cccc2c1ccc1ncccc12,5.2,None
CN(C)O,5.2,None
Cc1cccc(CO)n1,5.2,None
Nc1ccc(CC(=O)[O-])cc1,5.2,None
Oc1cccc(C2NCCS2)c1,5.2,None
c1ccc(C2NCCS2)cc1,5.2,None
CCCCCCNc1ccccc1,5.21,None
NC(=O)CCc1cccnc1,5.21,None
O=C([O-])c1ccc2nc3ccccc3cc2c1,5.22,None
CCNc1nc(N)nc(N)n1,5.23,None
N#CCCNCCC#N,5.23,None
COc1ccc(OC)c2c1nc(CO)n2C,5.24,None
Cc1ccc2cccnc2c1,5.25,None
CCOc1ccc(N)cc1,5.25,None
Cc1n[nH]c2ccc(N)cc12,5.25,None
Cc1cc2cccnc2c2ncccc12,5.26,None
CNCC#N,5.26,None
c1ccncc1,5.26,None
Oc1ccc2ncccc2c1,5.26,None
Cc1cnc2c(c1)cc(C)c1cc(C)cnc12,5.27,None
c1ccc2c(c1)ccc1nc[nH]c12,5.28,None
Cc1cc(N)c(O)cc1C,5.28,None
CCC1CSC(C(C)C)=N1,5.28,None
Cc1ccc(O)c2ncccc12,5.29,None
CCNc1ccccc1,5.29,None
OCCn1cnc2ccccc21,5.29,None
C[Si](C)(C)CNc1ccccc1,5.3,None
c1ccc(-c2ccncc2)cc1,5.3,None
Cc1cn2nc(-c3ccccc3)cc(C)c2n1,5.3,None
c1cnc2c(c1)c1c(c3cccnc32)CCCC1,5.3,None
CC(C)(N)C#N,5.3,None
COc1ccc(NCCS)cc1,5.3,None
CCCCn1cnc2ccccc21,5.31,None
CCOC(=O)CCCc1ccccn1,5.32,None
O=C(Nc1ccncc1)c1ccccc1,5.32,None
Cc1ccnc(-c2cc(C)ccn2)c1,5.32,None
NC(Cc1ccccc1)=NO,5.32,None
Cc1cccc(N(C)C)c1,5.32,None
NC(=O)CCCc1cccnc1,5.33,None
Cc1ccccc1NC1CCCCC1,5.34,None
Cc1cnc2c(c1)c(C)c(C)c1cccnc12,5.34,None
c1ccc(Oc2ccnc3c2ccc2c(Oc4ccccc4)ccnc23)cc1,5.34,None
Oc1ccc2cnc3ccccc3c2c1,5.35,None
Cc1nc2ccccc2c(NCCC[NH+](C)C)c1[N+](=O)[O-],5.35,None
COc1ccc(N)cc1,5.35,None
Cc1ccc2ccc3cccnc3c2n1,5.36,None
CNc1nccn2cc(-c3ccc(S(C)=O)cc3OC)nc12,5.36,None
Cc1csc2nccn12,5.36,None
Cc1nnc(C)c(C)c1C,5.36,None
Cc1nnc2c(c1C)CCC2,5.36,None
c1ccc2cnccc2c1,5.36,None
CC1(C)CN1,5.37,None
OCCc1ccccn1,5.37,None
OCCc1cccnc1,5.38,None
Cc1ncc(CO)c(C)c1O,5.4,None
Oc1cccc2cnccc12,5.4,None
Cc1nnc2c(c1C)CCCC2,5.41,None
C[NH+](C)CCCNc1c2ccccc2nc2c(F)ccc([N+](=O)[O-])c12,5.41,None
Cc1nc(N)c2cn[nH]c2n1,5.41,None
OCc1ccncc1,5.41,None
Cc1ccc([N+](=O)[O-])c2c(NCCC[NH+](C)C)cc(-c3ccccc3)nc12,5.43,None
C#CCN1CCN(C(=O)OCC)CC1,5.44,None
CCc1ccnc2c1ccc1cccnc12,5.44,None
OCn1cnc2ccccc21,5.44,None
COc1ccc(C2NCCS2)cc1,5.45,None
CCCc1ccnc2c1ccc1cccnc12,5.45,None
C#CCNN,5.46,None
CCC(C)Nc1ccccc1,5.47,None
OCCCNc1nc(NCCCO)nc(NCCCO)n1,5.48,None
Oc1ccc2cccnc2c1,5.48,None
OCC1OC(n2ccc3c2ncn2ccnc32)C(O)C1O,5.49,None
c1ccc2c(c1)CCN2,5.49,None
CCCCCCCCCCCCCCCCCc1c2ccccc2nc2ccccc12,5.5,None
[S-]c1cnc2cncnc2n1,5.5,None
Oc1ccc(C2NCCS2)cc1,5.5,None
c1ccc2[nH]cnc2c1,5.51,None
Oc1ccc2nc3ccccc3cc2c1,5.52,None
Cc1ncc(CO)c(C)c1OCc1ccccc1,5.52,None
Cn1cc(N)cn1,5.52,None
CCNc1nc(N)nc(NCC)n1,5.52,None
Cc1cnc2c(c1)c(C)c(C)c1cc(C)cnc12,5.54,None
C#CCN1CCOCC1,5.54,None
COC(=O)c1ccccc1N(C)C,5.55,None
CNc1nc(C)nc2[nH]ncc12,5.56,None
Cc1cnc2c(ccc3c(C)ccnc32)c1,5.57,None
Nc1cn[nH]c1,5.57,None
CCc1cccnc1,5.57,None
O=C([O-])C#CCN1CCOCC1,5.57,None
CCOc1ccc2[nH]cnc2c1,5.57,None
CC(=C(CCO)SSCCC(C)C)N(C=O)Cc1cnc(C)nc1N,5.58,None
NC(=O)CCc1ccncc1,5.58,None
CSSC(CCO)=C(C)N(C=O)Cc1cnc(C)nc1N,5.59,None
NC(=O)CCCCc1cccnc1,5.6,None
c1ccc(NC2CCCCC2)cc1,5.6,None
Cc1c(O)cncc1C1CCCCC1,5.6,None
CCc1ccnc2c1ccc1c(CC)ccnc12,5.6,None
CCCCCCCCCCCCN(CC(O)CC)CC(O)CC,5.6,None
CCCCCCCCCCCCCCCCN(CC(O)CC)CC(O)CC,5.6,None
CCP(=S)(CC)C(=S)NN,5.6,None
c1coc(-c2ccncc2)c1,5.6,None
CN(C)c1ccc(C(O)c2ccc(N(C)C)cc2)cc1,5.61,None
Cc1cnc2c(ccc3cccnc32)c1C,5.62,None
CCN(O)CC,5.62,None
C=Cc1ccncc1,5.62,None
COC(=O)N1c2ccccc2C23CCN4CC=CC5(CCC12C(O)(C(=O)OC)C5O)C43,5.63,None
Cc1ccc2[nH]c(CO)nc2c1,5.64,None
NC(=O)CCCc1ccncc1,5.64,None
Cn1cnc2ccccc21,5.65,None
CN(C)C=Nc1ccccc1[N+](=O)[O-],5.65,None
c1cnc2c(c1)ccc1c3c(cnc12)CCCC3,5.66,None
Oc1cccc2ccncc12,5.66,None
CCCN(C)c1ccccc1,5.67,None
Cc1cccc2[nH]cnc12,5.67,None
CC(C)Nc1ccccc1,5.67,None
Nc1ccc(O)c2ncccc12,5.67,None
COc1ccc2c3c1OC1C(O)C=CC4C(C2)N(CCC#N)CCC341,5.68,None
Cc1ccc2ccccc2n1,5.69,None
COc1cccc2ccc(C)nc12,5.69,None
Oc1ccc2[nH]cnc2c1,5.69,None
O=C([O-])CCc1nc2ccccc2[nH]1,5.7,None
CCCCc1ccc(C(=O)[O-])nc1,5.7,None
CN(C)c1ccc(N2CCOCC2)cc1,5.7,None
OCc1ccc(-c2nccc3c2[nH]c2ccccc23)o1,5.7,None
CCCCCCCCCCCCCCN(CC(O)CC)CC(O)CC,5.7,None
Nc1ccc(O)cc1O,5.7,None
OCCCCc1cccnc1,5.7,None
Cc1cc2c(C)ccnc2c2ncccc12,5.71,None
Cc1cnc(N)s1,5.71,None
OCCCc1ccccn1,5.71,None
NC(=O)c1c2cccc1COCCOCc1ncc([nH]1)COCCOC2,5.72,None
CC(C)c1cccnc1,5.72,None
CCNc1ccc(C)cc1,5.72,None
c1cc(-c2ccoc2)ccn1,5.72,None
NC(=O)CCCCc1ccccn1,5.73,None
CC(C)n1cnc2ccccc21,5.74,None
COCCN=C(c1ccccc1)C(C)(C)O,5.75,None
CN1C(=O)N(CCN2CCOCC2)C(=O)C(C)(C2=CCCCC2)C1=O,5.75,None
Nc1nc2c(o1)CCCC2,5.75,None
c1cnc2c(c1)ccc1c3c(cnc12)CCC3,5.78,None
Nc1ncnc2ccccc12,5.79,None
Nc1cccc(-c2ccccn2)n1,5.8,None
CC(C)(C)C(N)=NO,5.8,None
Cc1cccc(C(=O)[O-])n1,5.8,None
C1CN2C(=N1)N1CCN=C1N1CCN=C21,5.8,None
Cc1cccnc1,5.81,None
Cc1ccc2[nH]cnc2c1,5.81,None
CC(C)(C)c1cccnc1,5.82,None
CC(C)c1ccccn1,5.83,None
OCCCCc1ccccn1,5.83,None
N#CC1=CN2CCC1CC2,5.84,None
CCNc1nc(NCC)nc(NCC)n1,5.84,None
Cc1cccc(C)c1N(C)C,5.85,None
Cc1ccc2nc(C)ccc2c1,5.85,None
Oc1ccc2cnccc2c1,5.85,None
Cc1cc2cccc(O)c2nc1C,5.86,None
COc1cc2c(cc1OC)C13CCN4CC5=CCOC6CC(=O)N2C1C6C5CC43,5.86,None
COc1ccc(N(C)C)cc1,5.86,None
CC(=O)Nc1ccncc1,5.87,None
Nc1ccc2nc3ccccc3cc2c1,5.88,None
Cc1nn(-c2ccccc2)c(C(=O)[O-])c1C(=O)[O-],5.89,None
COc1ccc(Nc2ccc(N)cc2)cc1,5.9,None
Cc1cnc2c(c1)c(C)cc1c(C)ccnc12,5.9,None
CC1CCN(O)C1(C)C,5.9,None
OCCCc1ccncc1,5.9,None
Nc1c(C(=O)[O-])ncn1C1OC(CO)C(O)C1O,5.9,None
NC(=O)CCCCc1ccncc1,5.92,None
OCCCCCc1ccccn1,5.93,None
Cc1cnc2c(cc(C)c3cccnc32)c1C,5.93,None
Cc1ccnc2c1ccc1c(C)ccnc12,5.94,None
CCc1ccncc1,5.94,None
CCC(N)=NO,5.95,None
Cc1cc(C)c2ccc3cccnc3c2n1,5.96,None
Cc1cc(N)cc(C)c1C(=O)NCCN1CCOCC1,5.96,None
O=C(CN1CCOCC1)c1ccccc1,5.97,None
CCCc1ccccn1,5.97,None
c1nc2cc3c(cc2[nH]1)CCCC3,5.98,None
Cc1ccccn1,5.98,None
Cc1cnc2c(ccc3c(C)ccnc32)c1C,5.99,None
O=C1c2ncnc([O-])c2C(=O)c2nc[nH]c21,5.99,None
CNc1ccc(O)cc1,6.0,None
Cc1ccccc1N(C)C,6.0,None
c1ccc(-c2c[nH]cn2)cc1,6.0,None
Cc1cnc2cccc([N+](=O)[O-])c2c1NCCC[NH+](C)C,6.01,None
OCCCCc1ccncc1,6.01,None
Cc1cc(N)nc2c1ccc1ccccc12,6.02,None
CCN(C)c1ccccc1,6.02,None
CCC(C)N(C)c1ccccc1,6.03,None
C1CCc2nnc3c(c2CC1)CCCC3,6.03,None
OCCCCCc1ccncc1,6.04,None
Nc1cccc2nc3ccccc3cc12,6.04,None
Cc1c(Cn2ccnc2)sc2cc(C(=O)[O-])ccc12,6.04,None
C1CCC(C2=NCCC2)CC1,6.05,None
C1CN1,6.05,None
Nc1cncn1C1OC(CO)C(O)C1O,6.05,None
CNO,6.05,None
Nc1cccc2ccncc12,6.06,None
CCOc1ccc2[nH]c(CC(C)C)nc2c1,6.07,None
Cc1cnc2ccc(C)c([N+](=O)[O-])c2c1NCCC[NH+](C)C,6.07,None
Cc1c(Cn2ccnc2)oc2ccc(C(=O)[O-])cc12,6.08,None
C#CCNCC#C,6.08,None
CNc1nc(NC)c2cn[nH]c2n1,6.08,None
Cn1cnc2c1C(=O)c1ncnc([O-])c1C2=O,6.09,None
N#CC(CCN1CCOCC1)(c1ccccc1)c1ccccc1,6.09,None
CCn1nc(-c2ccccc2)sc1=N,6.1,None
OCC1OC(CN2CCOCC2)C(O)C(O)C1O,6.1,None
Cc1cnc2c(C)ccc([N+](=O)[O-])c2c1NCCC[NH+](C)C,6.1,None
CCCCCCCCCCCCCCN(CCO)CC(O)CC,6.1,None
CC(CC(C#N)(c1ccccc1)c1ccccc1)N1CCOCC1,6.1,None
c1cc2[nH]cnc2cn1,6.1,None
CN(C)CC(CSC#N)SC#N,6.1,None
CC(=O)C(CN1CCOCC1)=NO,6.1,None
Cn1c(=NN)sc2ccccc21,6.1,None
COc1ccc2c(c1)CCN2,6.1,None
COc1ccc(OC)c2c1nc(C)n2C,6.12,None
CCCc1nc2cc(OCC)ccc2[nH]1,6.12,None
CNc1ccncn1,6.12,None
CNc1c(C)cccc1C,6.12,None
CCc1nc2cc3ccccc3cc2[nH]1,6.14,None
Cc1nc2c(n1C)C(=O)c1ncnc([O-])c1C2=O,6.15,None
Cc1ccc2ccc3ccc(C)nc3c2n1,6.15,None
CC(Br)(CN)[N+](=O)[O-],6.15,None
Cc1ccncc1,6.15,None
Cc1cncc(C)c1,6.15,None
COc1cc(S(C)=O)ccc1-c1nc2cnccc2[nH]1,6.16,None
COc1ccc(-c2nc3cnccc3n2C)c(OC)c1,6.16,None
COc1ccc(S(=O)(=O)NCCN2CCOCC2)c(OC)c1OC,6.16,None
CN(C)c1nc2c(o1)CCCC2,6.16,None
CN(C)c1nc2c(s1)CCCC2,6.16,None
C=CCN(CC1CO1)CC1CO1,6.16,None
CCOc1ccc2[nH]c(C(C)C)nc2c1,6.17,None
O=C(Cc1ccccc1)C(CN1CCOCC1)c1ccccc1,6.17,None
Nc1ccc2nc3ccc(N)cc3cc2c1,6.18,None
COC(=O)C(C)(C)c1c[nH]c(CO)n1,6.18,None
CC(C)N(c1ccccc1)C(C)C,6.19,None
O=C(C=NO)NCCN1CCOCC1,6.19,None
COc1ccc2c(c1)CC(C)N2,6.2,None
Cc1cc(C)c2cccc(O)c2n1,6.2,None
C[NH2+]CCCNc1c2ccccc2nc2cccc([N+](=O)[O-])c12,6.2,None
C[NH+](C)CCCNc1c2ccccc2nc2cccc([N+](=O)[O-])c12,6.2,None
CCCCCCCCCCCCN(CC(C)O)CC(O)CC,6.2,None
COc1cc(C)nc(NN)n1,6.2,None
CCc1nc2ccccc2[nH]1,6.2,None
Nc1ccc2ccncc2c1,6.2,None
CC(C)c1nc2ccccc2[nH]1,6.23,None
CC(=O)C(CN1CCOCC1)c1ccccc1,6.23,None
c1nc2c(ccc3c4c(cnc32)CCCC4)c2c1CCCC2,6.23,None
Cc1nccc2c1[nH]c1ccc([N+](=O)[O-])cc12,6.24,None
Cc1ccc2c(c1)c1c3c(nccn32)CCC1,6.24,None
CCCCOc1ccc(OCCCN2CCOCC2)cc1,6.24,None
Cc1cc(N)ncn1,6.25,None
CCCC1NC(C(=O)[O-])CS1,6.25,None
ClCCN1CCOCC1,6.27,None
CCN(CC)c1nc(N)nc(N(CC)CC)n1,6.28,None
CON=C(C)CC(C)(C)NCC[NH2+]C(C)(C)CC(C)=NO,6.28,None
Cc1ccc([N+](=O)[O-])c2c(NCCC[NH+](C)C)c3ccccc3nc12,6.29,None
C(=Nc1ccccc1)Nc1ccccc1,6.3,None
CCCCCCCCCCCCCCN(CCO)CC(C)O,6.3,None
Cc1nc2ccccc2[nH]1,6.3,None
COC(=O)C(Cc1c[nH]cn1)NC(C)=O,6.3,None
O=C(NCCN1CCOCC1)c1ccc(Cl)cc1,6.31,None
C1CSCN1,6.31,None
Cn1ccnc1CS,6.31,None
CCC(C)(CC)Nc1ccccc1,6.32,None
O=C([O-])c1ccc2sc(Cn3ccnc3)cc2c1,6.34,None
COc1cccc(OC)c1-c1nc2cnccc2[nH]1,6.34,None
CC1(C)SCNC1C(=O)[O-],6.34,None
Cc1c(C(=O)[O-])sc2cc(Cn3ccnc3)ccc12,6.35,None
CN(C)c1ccncn1,6.35,None
CN1CCC=C(C#N)C1,6.35,None
Cc1cc(C)c2nccc(NCCC[NH+](C)C)c2c1[N+](=O)[O-],6.37,None
SCc1ncc[nH]1,6.37,None
Brc1ccc2nc3c(c(N4CCOCC4)c2c1)CCC3,6.38,None
CCCN(CC)c1ccccc1,6.39,None
CN(C)Cc1ccc(C[NH+](C)C)c(O)c1O,6.39,None
O=C(CCN1CCOCC1)C(c1ccccc1)c1ccccc1,6.39,None
c1ccc(-c2ncc[nH]2)cc1,6.39,None
CCC=CCc1nc(C(=O)[O-])cn1C(C(=O)[O-])C(C)(C)S,6.4,None
Cc1ccc(C)nc1,6.4,None
Cc1ccc(C2=NCCC2)cc1,6.41,None
CCCCN(CCCC)c1ccccc1,6.41,None
C#CC(C)(C)NC(C)(C)C#C,6.45,None
COc1ccnc2ccccc12,6.45,None
Cc1cnc2c(cc(C)c3c(C)ccnc32)c1C,6.45,None
CN(CC1CO1)CC1CO1,6.45,None
CN(C)c1ccc([N+](=O)[O-])c2c(NCCC[NH+](C)C)c3ccccc3nc12,6.47,None
Cc1nc2c(O)ccc(O)c2n1C,6.47,None
Cc1ccccc1NC(C)(C)C,6.49,None
COc1ccc(-c2nc3cnccc3[nH]2)c(OC)c1,6.49,None
O=C(CCN1CCOCC1)c1ccccc1,6.5,None
Cc1cc(C)c2ccc3c(C)cc(C)nc3c2n1,6.5,None
CCCCCCCCCCCCN(CCO)CC(C)O,6.5,None
[S-]c1ncc2nccnc2n1,6.52,None
Cc1ccncc1C,6.53,None
SCc1c[nH]cn1,6.54,None
CCC(C)(C)Nc1ccccc1,6.55,None
Cc1nccc2c1[nH]c1ccccc12,6.55,None
Cc1cccnc1C,6.57,None
CCc1cnc(C(=O)[O-])cc1CC,6.58,None
Cc1c(Cn2ccnc2)sc2ccc(C(=O)[O-])cc12,6.58,None
Nc1ncccc1C(=O)[O-],6.59,None
CCN(CC)c1ccccc1,6.6,None
CN(C)c1ccc2nc3ccc(N)cc3nc2c1,6.6,None
CCCCCCCCCCN(CC(O)CC)CC(O)CC,6.6,None
Cc1c2ccccc2c(CN2CCOCC2)c2ccccc12,6.6,None
Nc1nncc2ccccc12,6.6,None
c1cnc2c(c1)CCCC2,6.6,None
CCCN(CC)C(CC)C(=O)Nc1c(C)cccc1C,6.62,None
CCCCN(CCCl)CCCl,6.63,None
CCc1nc2cc3c(cc2[nH]1)CCCC3,6.64,None
Cc1nc2cccc([N+](=O)[O-])c2c(NCCC[NH+](C)C)c1C,6.64,None
NCC[n+]1ccc2c([N+](=O)[O-])cccc2c1,6.65,None
C#CC(C)(C)N(C)C(C)(C)C#C,6.65,None
COc1ccncc1,6.65,None
Nc1ccc2cccnc2c1,6.65,None
c1ccc(Cn2ccnc2)cc1,6.66,None
CC(=O)CCN1CCOCC1,6.66,None
Cc1nc2c(C)ccc([N+](=O)[O-])c2c(NCCC[NH+](C)C)c1C,6.67,None
CNC(=O)C=C(c1ccc2nc(N)n(C(C)C)c2c1)c1cccc(F)c1F,6.69,None
Nc1ccnnc1,6.69,None
Nc1cccc(-c2cccc(N)n2)n1,6.7,None
CC(C)(C)c1ccnc(C(C)(C)C)c1,6.7,None
c1cc(N2CCOCC2)ccc1N1CCCCC1,6.7,None
CCCCCCCCCCN(CC(C)O)CC(O)CC,6.7,None
CNC(=O)C=C(c1ccc2nc(N)n(C3CCCC3)c2c1)c1ccccc1F,6.7,None
[S-]c1ccncn1,6.7,None
CCCN(CCCl)CCCl,6.7,None
NCC[n+]1cc(Br)c2ccccc2c1,6.71,None
CN(c1ccccc1)C1CCCC1,6.71,None
Cc1c([N+](=O)[O-])ccc2c(NCCC[NH+](C)C)ccnc12,6.71,None
CN(C)C=Nc1ccccc1Br,6.71,None
CN(C)C=Nc1ccc([N+](=O)[O-])cc1,6.71,None
Nc1cc(N2CCOCC2)nc(N)n1,6.73,None
Nc1ccc2c(Cl)c3ccccc3nc2c1,6.74,None
Cc1ncnc2c1NCCN2,6.74,None
COc1ccc(-c2cn3ccnc3[nH]2)c(OC)c1,6.76,None
COc1ccc(S(=O)(=O)NCCCN2CCOCC2)c(OC)c1OC,6.76,None
CN1CCc2cccc(c2)CCc2ccc1cc2,6.76,None
O=C([O-])c1cc2cc(Cn3ccnc3)ccc2s1,6.77,None
C[NH+](C)CCCNc1ccnc2cc([N+](=O)[O-])ccc12,6.77,None
Cc1ccnc(C)c1,6.77,None
Oc1ccc(F)cc1CN1CCOCC1,6.78,None
CN1CCN(C(=O)c2ccccc2)CC1,6.78,None
O=C(CCN1CCOCC1)c1cccc(Br)c1,6.8,None
O=C(NCCCN1CCOCC1)c1ccc(Cl)cc1,6.81,None
CCNN(C)CC,6.81,None
[S-]c1ncnc2nccnc12,6.81,None
CC(=O)C(CCN1CCOCC1)(c1ccccc1)c1ccccc1,6.83,None
Cc1ccc([N+](=O)[O-])c2c(NCCC[NH+](C)C)ccnc12,6.84,None
Nc1cnnc2ccccc12,6.84,None
NCC[n+]1ccc2ccccc2c1,6.85,None
CCN(C)NC,6.85,None
Cc1cccc(C)n1,6.85,None
CN(C)C=Nc1ccccc1Cl,6.85,None
Nc1ccc2cnc3ccccc3c2c1,6.88,None
c1ccc(CC2=NCCC2)cc1,6.9,None
C[NH+](C)CCCCNc1c2ccccc2nc2cccc([N+](=O)[O-])c12,6.9,None
CC(CC(c1ccccc1)c1ccccc1)N1CCOCC1,6.9,None
CCCCN(CC1CO1)CC1CO1,6.91,None
O=S(=O)([O-])CC(O)CN1CCOCC1,6.91,None
CCN(CC1CO1)CC1CO1,6.91,None
CC(Cc1ccccc1)N(C)CCC#N,6.95,None
Nc1ccc2cc3cc(Cl)ccc3nc2c1,6.95,None
Nc1ccccn1,6.95,None
C[n+]1c([S-])ccnc1[S-],6.96,None
Nc1cc(N)c2cccnc2c1O,6.96,None
CC(=O)OCCc1c[nH]cn1,6.97,None
ClC1CC2CCN1CC2,6.98,None
O=C([O-])c1cccc2cccnc12,6.99,None
C[NH+](C)CCCNc1ccnc2ccc([N+](=O)[O-])cc12,6.99,None
Cc1nc(-c2ccccc2)[nH]c1C,7.0,None
COc1c2ccccc2nc2ccccc12,7.0,None
CN=C1C(C)(C)c2ccccc2C1(C)C,7.0,None
CC(O)C(CCC=O)OC1OC(C)C(N(C)C)C(O)C1O,7.0,None
C=CCCN1CC2CC(C1)c1cccc([O-])[n+]1C2,7.0,None
Cc1nc(-c2ccccc2SCc2ccccc2)[nH]c1C,7.0,None
CCN(CC)CCBr,7.0,None
Cn1cc(N)cc1C(=O)[O-],7.0,None
Nc1nc2cc3ccccc3cc2[nH]1,7.01,None
CN(C)CCC#N,7.01,None
C=CCN(CC=C)CCOC(=O)C(=C)C,7.02,None
CN(C)C1CCCC1C#N,7.02,None
CC(C)(C)C1(O)CCN2CC(c3ccccc3)c3ccccc3C2C1,7.03,None
COCc1nc(C)c[nH]1,7.03,None
Cc1cccc(C(C)c2c[nH]cn2)c1C,7.04,None
CCCn1ccnc1CO,7.04,None
O=C([O-])c1c2cccc1COCCOCc1ncc([nH]1)COCCOC2,7.05,None
NC(=O)CC(NC(=O)C(N)CS)C(=O)O,7.05,None
C=CCN1CCOCC1,7.05,None
NC(=NO)C(N)Cc1ccccc1,7.06,None
NNC(=O)C(N)Cc1ccccc1,7.06,None
CCC(C)C(=O)CCN1CCOCC1,7.07,None
c1c[nH]cn1,7.07,None
CC(C)N(CC1CO1)CC1CO1,7.07,None
CN1CCc2cccc3c2C1Cc1ccc(O)c(O)c1-3,7.08,None
CCNN(CC)CC,7.08,None
COc1ccc2[nH]c3c(C)nccc3c2c1,7.09,None
c1ccc2c(c1)C1CCN2C1,7.1,None
COc1cccc(C(=O)CCN2CCOCC2)c1,7.1,None
Nc1c2ccccc2nc2c1ccc1c([N+](=O)[O-])cccc12,7.1,None
CC1(C)CC(=O)C(C)(C)N1,7.1,None
Cc1cc(C)c(CO)c(C)n1,7.1,None
Nc1nc([S-])[nH+]c([O-])c1C1=CCCCC1,7.11,None
CC(=O)NC(Cc1c[nH]cn1)C(=O)[O-],7.11,None
COc1ccc2c3c1OC1C(O)C=CC4C(C2O)N(C)CCC341,7.12,None
CCC(=O)C(c1ccccc1)(c1ccccc1)C(C)CN1CCOCC1,7.12,None
CC(=O)N=c1ccccn1C,7.12,None
CCCCCn1ccnc1,7.12,None
CN1CCC23c4c5ccc(O)c4OC2C(O)C=CC3C1C5O,7.13,None
Cc1cc(N)nc2ccc3ccccc3c12,7.14,None
COc1ccc2nc3c(c(N4CCOCC4)c2c1)CCC3,7.14,None
CCN(CC)NC,7.14,None
CSC(=N)Nc1ccccc1,7.14,None
CC(C)(C)Nc1ccccc1,7.15,None
Cn1ccnc1,7.15,None
CCOC(C)=N,7.15,None
[S-]c1ncc2nc[nH]c2n1,7.15,None
CCCC(=O)C(CCN1CCOCC1)(c1ccccc1)c1ccccc1,7.17,None
NC(=O)C(N)C(O)C(=O)O,7.17,None
O=S(=O)([O-])CCCN1CCOCC1,7.17,None
Nc1ccc2cnccc2c1,7.17,None
CCN(CC)c1ccc(C)cc1,7.18,None
CCN(CC)c1ccccc1C,7.18,None
Cc1ccc2nc3c(c(N4CCOCC4)c2c1)CCC3,7.18,None
OCCN1CCOCC1,7.18,None
Nc1cccnc1C(=O)[O-],7.18,None
CCC=CCc1nccn1C(C(=O)[O-])C(C)(C)S,7.2,None
CNc1c2ccccc2nc2cccc([N+](=O)[O-])c12,7.2,None
O=[N+]([O-])c1cccc2nc3ccccc3c(NCCO)c12,7.2,None
CCCNc1c2ccccc2nc2cccc([N+](=O)[O-])c12,7.2,None
CCCCCCCCCCN(CCO)CC(O)CC,7.2,None
CC[NH+](CC)CCC(C)Nc1c2ccc(Cl)cc2nc2ccc(OC)cc12,7.2,None
NNCCCc1ccccc1,7.2,None
CCCCCCn1ccnc1,7.2,None
CC(=CC(C)=Nc1ccccc1)Nc1ccccc1,7.22,None
Cc1ccc(N)nc1,7.22,None
CC(Cc1ccccc1)NCCC#N,7.23,None
COc1ccc(S(=O)(=O)CCN2CCCCC2)c(OC)c1OC,7.24,None
Cc1cccnc1N,7.24,None
c1ccc(C(CCN2CCOCC2)c2ccccc2)cc1,7.25,None
Nc1ccc2cc3ccc(Cl)cc3nc2c1,7.26,None
O=C(CCCN1CCOCC1)c1ccccc1,7.26,None
Nc1ccnc(N)n1,7.26,None
O=C1CN2CCC1CC2,7.27,None
CCCN(CCC)CC(=O)NC1c2ccccc2-c2ccccc21,7.28,None
COc1cc2c(cc1OC)NCC2,7.3,None
Cc1ccc(NC(C)(C)C)cc1,7.3,None
Nc1ccnc2ccc3ncccc3c12,7.3,None
CN(C)CC(CSCc1ccccc1)SCc1ccccc1,7.3,None
Nc1nc2ccccc2c2ccccc12,7.31,None
CN(C)c1ccc2cc3c(ccc4ccccc43)nc2c1,7.31,None
CCOC(=O)N1CCN(C)CC1,7.31,None
CCCNC(C)C(=O)Nc1ccccc1C,7.32,None
O=C([O-])C(O)Cc1c[nH]cn1,7.32,None
[Se-]c1ncnc2nc[nH]c12,7.33,None
C[N+](C)(C)CCN,7.34,None
CC(C)(C)n1ccnc1,7.35,None
Cc1cccc(C)c1NC(=O)CN(C)C,7.36,None
NC(=O)C=C(O)c1ccncc1,7.36,None
Cc1cc2nccc(NCCC[NH+](C)C)c2cc1[N+](=O)[O-],7.38,None
CC(C)(C(=O)[O-])c1c[nH]c(CO)n1,7.38,None
C=CCN(C)CCOC(=O)C(=C)C,7.39,None
Cc1nccc2c1[nH]c1cc(O)ccc12,7.39,None
C1=C(c2nc3ccccc3s2)C2CCN1CC2,7.4,None
C[NH+](C)CCCCCNc1c2ccccc2nc2cccc([N+](=O)[O-])c12,7.4,None
Cc1cccc(N)n1,7.4,None
CCN(CC)CCS(=O)(=O)c1ccc(OC)c(OC)c1OC,7.41,None
CN(C)C=Nc1ccccc1O,7.41,None
Nc1ccc2cc3c(ccc4ccccc43)nc2c1,7.42,None
Cc1cc(Cl)n(C)c2nc3ccccc3c1-2,7.45,None
COc1cc2c(cc1OC)C13CCN4CC5=CCOC6CC(=O)N2C1C6C5(S(=O)(=O)[O-])CC43,7.45,None
CC(=O)NN=C1CCN(C)CC1,7.45,None
CC(C=C(c1cccs1)c1cccs1)N1CCCCC1C,7.46,None
CC=C1CN2CCC34C(=C(C(=O)OC)C1CC23)Nc1ccccc14,7.46,None
CCC(C(=O)[O-])C(CO)Cc1cncn1C,7.47,None
c1cc(N2CCOCC2)c2c(N3CCOCC3)cccc2c1,7.49,None
Nc1nc2ccccc2[nH]1,7.49,None
CN(c1ccccc1)C(C)(C)C,7.5,None
CCOc1ccc2nc3cc([N+](=O)[O-])ccc3c(N)c2c1,7.5,None
O=C(CCCCN1CCOCC1)c1ccccc1,7.5,None
CCCCCCCCCCN(CCO)CC(C)O,7.5,None
CN(C)CC(Cl)CCl,7.5,None
CN(CCO)CCCl,7.5,None
Cc1c[nH]cn1,7.51,None
Cc1nn(C)c(N(C)C(=O)CN)c1C(=O)c1ccccc1F,7.52,None
CCN(CC)CCOC(=O)c1ccc2ccccc2c1,7.52,None
O=C(Cc1ccccc1Nc1c(Cl)cccc1Cl)OCCN1CCOCC1,7.52,None
CCN(CC)CCC(OC(=O)c1ccccc1)c1ccccc1,7.53,None
O=C1CC2OCC=C3CN4CCC56c7ccccc7N1C5C2C3(S(=O)(=O)[O-])CC46,7.53,None
O=C1CC2OCC(S(=O)(=O)[O-])=C3CN4CCC56c7ccccc7N1C5C2C3CC46,7.54,None
CC(CN1CCCCC1)C(C#N)(c1ccccc1)c1ccccc1,7.54,None
CCCSC(=O)CCCc1c[nH]cn1,7.55,None
CC(C)N(Cc1ccccc1O)C(C)C,7.55,None
O=[N+]([O-])c1cccc2nc3ccccc3c(NCCCO)c12,7.55,None
CN1C2CC(OC(=O)C(CO)c3ccccc3)CC1C1OC12,7.55,None
O=C([O-])CCc1c[nH]cn1,7.55,None
COC(=O)C1=CCCN(C)C1,7.55,None
CCC12CCCN3CCC4(c5cccc(OC)c5N(C(C)=O)C4CC1)C32,7.57,None
CN1CCC2Cc3ccc(O)c(O)c3C3CCCC1C23,7.58,None
N=C(N)NOCC(=O)[O-],7.58,None
CC(C)(C)N1CCCC(=O)C(O)CCC1,7.6,None
CCCCCCCCCCN(CC(C)O)CC(C)O,7.6,None
CCC1C(=O)NC(Cc2[nH]c(C=C3N=C(CC4NC(=O)C(C)C4CC)C(C)=C3CCC(=O)[O-])c(CCC(=O)[O-])c2C)C1C,7.6,None
SCCN(Cc1ccccc1)Cc1ccccc1,7.62,None
CCN(CC)CCC#N,7.62,None
Nc1nccc2ccccc12,7.62,None
OCC1OC(n2cnc3c([S-])ncnc32)C(O)C1O,7.63,None
COC(=O)CN,7.64,None
Cc1nccn1C,7.64,None
CN(C)c1nc2cc3c(cc2[nH]1)CCCC3,7.65,None
C=CC1(O)CN2CCC1CC2C(O)c1cc([O-])[nH+]c2ccccc12,7.65,None
Cc1cc(N)nc(N)n1,7.65,None
CCOC(=O)CC(c1ccccc1)N(C)C,7.66,None
CN1CCOCC1,7.66,None
COc1ccc2c3c1OC1C(=O)CCC4C(C2)N(C)CCC314,7.67,None
Nc1nc([Se-])c2ncn(C3OC(CO)C(O)C3O)c2n1,7.68,None
Nc1nc2cc3c(cc2[nH]1)CCCC3,7.69,None
O=P([O-])([O-])c1cn2c(n1)C(O)C(O)C(O)C2CO,7.69,None
Nc1ccnc(-c2cccc(Cl)n2)c1,7.7,None
O=C1C2CC(CN3CCCCC23)C2=CCCCN12,7.7,None
O=C1C2CC(CN3CCCCC23)C2CCCCN12,7.7,None
c1ccc(CNC(CC2CCCCC2)CC2CCCCC2)cc1,7.7,None
O=C(CN1CCCCC1)NCc1ccccc1,7.71,None
CN=C(C)SC,7.71,None
C[Si](C)(C)OC1CN(Cc2ccc(Cl)cc2)C1,7.72,None
CCN(CC)CC(=O)Nc1c(C)cccc1C,7.72,None
O=C([O-])c1cccc2cc3ccccc3nc12,7.72,None
CCN1CCOCC1,7.72,None
COc1ccc2c(c1)[nH]c1c(C)nccc12,7.73,None
CC(CC(C#N)(c1ccccc1)c1ccccc1)N1CCCCC1,7.73,None
CC(C)CNCC(=O)c1ccc(O)cc1,7.74,None
CC[NH+](CC)CCCCC(C)Nc1c2ccc(Cl)cc2nc2ccc(OC)cc12,7.74,None
CCOC(=O)CN,7.74,None
N#CCCN,7.75,None
CC(C#N)CN,7.75,None
[O-]c1cccc(Cl)n1,7.76,None
CCNCC(=O)c1ccc(O)cc1,7.77,None
c1ccc2c(c1)C1CCN2CC1,7.79,None
O=C(c1ccccc1)N1CCNCC1,7.79,None
CC(C)C12CNC(C(=O)[O-])C1CC(=O)O2,7.8,None
CCC=CCC1=NC(C(=O)[O-])C2SC(C)(C)C(C(=O)[O-])N12,7.8,None
Cc1ccc(NC(=O)CN2CCCCC2)c(C)c1,7.8,None
C=CCC(C)(CN(CC)CC)OC(=O)c1ccccc1,7.8,None
CCCCCCCCCCCCN(CC(C)O)CC(C)O,7.8,None
Nc1nc(N)nc([S-])n1,7.8,None
Cc1ccccc1NC(=O)CN,7.81,None
CC(c1ccccc1)N1CC(O[Si](C)(C)C)C1,7.82,None
CCCCNN,7.82,None
C=CCN1CCC23c4c5ccc(O)c4OC2C(O)C=CC3C1C5,7.83,None
Cc1cc(C)nc(N)c1,7.84,None
O=C(CN1CCCCC1)Nc1ccccc1,7.85,None
CC(N)CC#N,7.85,None
N#CC1CN2CCC1CC2,7.85,None
CN1CC1,7.86,None
Cc1nc(CO)[nH]c1C,7.88,None
CN(C)C=Nc1cccc(O)c1,7.88,None
CC(O)CN(CCN1CCOCC1)CC(C)O,7.9,None
CC(CN(C)C)C(C#N)(c1ccccc1)c1ccccc1,7.9,None
CCN(CC)c1ccc(C(O)(c2ccccc2)c2ccc(N(CC)CC)cc2)cc1,7.9,None
C=CC(=O)OCCN(C)C,7.9,None
CCN1CC1,7.91,None
CCC1=NCCC1,7.91,None
O=[N+]([O-])c1ccc([O-])c(CN2CCOCC2)c1,7.92,None
CCCNN,7.92,None
CC(=O)N1CCNCC1,7.94,None
CCN(CC)CC(=O)Nc1ccc(C)cc1C,7.95,None
CCNN,7.95,None
CC(C=C(c1cccs1)c1cccs1)N1CCCCCC1,7.96,None
C=C(C)C(=O)OC(C)CN(C)C,7.96,None
CN1CCC23c4c5ccc(O)c4OC2C(=O)CCC3C1C5,7.97,None
CN(C)C=Nc1cccc(Cl)c1,7.97,None
O=[N+]([O-])c1cc(CN2CCOCC2)c([O-])c2ccccc12,7.98,None
CCN(CC)CC(=O)NC1c2ccccc2-c2ccccc21,7.98,None
CNCC(=O)Nc1c(C)cccc1C,7.99,None
O=C(Cc1ccccc1Nc1c(Cl)cccc1Cl)OCCCN1CCOCC1,7.99,None
CCOC(=O)c1cnc2ccc([N+](=O)[O-])cc2c1[O-],8.0,None
Oc1onc2c1CCN(Cc1ccccc1)CC2,8.0,None
CN1C(CC(=O)c2ccccc2)CCCC1CC(O)c1ccccc1,8.0,None
C=C(C)C(N)O,8.0,None
Cn1cnc(C(=O)[O-])c1C(=O)[O-],8.0,None
CCCNCC(=O)Nc1c(C)cccc1C,8.01,None
CCN(CC)CC(=O)Nc1cc(C)cc(C)c1,8.01,None
CN(C)Cc1cccc(O)c1O,8.01,None
CCc1cccc(CN(C)C)c1O,8.02,None
CCN(c1ccccc1)C(C)(C)C,8.02,None
CCOc1ccc2c3c1OC1C(O)C=CC4C(C2)N(C)CCC341,8.03,None
c1ccc(C(OCCN2CCCCC2)c2ccccc2)cc1,8.03,None
Nc1ccc2cc3ccccc3nc2c1,8.04,None
CCCCNCC(=O)Nc1c(C)cccc1C,8.04,None
CCN(CC)CC(=O)Nc1ccc([N+](=O)[O-])cc1,8.05,None
CCc1ncc[nH]1,8.05,None
NCC(=O)c1ccc(O)cc1,8.05,None
CCNCC(=O)Nc1c(C)cccc1C,8.06,None
CCN(CC)CC(=O)NCc1ccccc1,8.07,None
N#CC(CCN1CCCCC1)(c1ccccc1)c1ccccc1,8.07,None
CCC(=O)C(c1ccccc1)(c1ccccc1)C(C)CN(C)C,8.07,None
C[Si](C)(C)OC1CN(Cc2ccccc2)C1,8.08,None
CN1CCC23c4c5ccc(O)c4OC2(C)C(=O)CCC3C1C5,8.08,None
CN(C)C=Nc1cccc(Br)c1,8.08,None
CCn1ccnc1C,8.09,None
C1CCC(NC2CCCCO2)OC1,8.1,None
C=CCC(C)(CN(CC)CC)OC(=O)CC(C)C,8.1,None
CCCCCCCCN(CC(C)O)CC(O)CC,8.1,None
CN1CCC23c4c5ccc(OC6OC(C(=O)[O-])C(O)C(O)C6O)c4OC2C(O)C=CC3C1C5,8.1,None
NCc1ccc(C=O)o1,8.1,None
Cc1nc2c(N)cccc2[nH]1,8.1,None
CN(C)C=Nc1ccc(Br)cc1,8.1,None
CCN(CC)CCSC1CCCCC1,8.11,None
Nc1ccc2nc3cc(N)ccc3cc2c1,8.11,None
CCN(CC)C(C)C(=O)Nc1c(C)cccc1C,8.11,None
CC(Cl)CN(C)C,8.12,None
NCC(=O)Nc1ccccc1,8.12,None
Nc1nc(N)c2ccccc2n1,8.12,None
COCCc1nc(C)c[nH]1,8.13,None
COC1=CC=C2C3Cc4ccc(OC)c5c4C2(CCN3C)C1O5,8.15,None
N=C1Cc2ccccc2N1,8.15,None
Cc1cccc(CN(C)C)c1O,8.18,None
O=C1CC2OCC=C3CN4CCC56c7ccccc7N1C5C2C3CC46,8.18,None
NC(Cc1ccccc1)c1nnn[n-]1,8.18,None
C#CCN,8.19,None
Cc1nc[nH]c1C,8.19,None
CCC1CN1CC,8.19,None
N=C(Nc1ccccc1)Nc1nc(N)nc(N)n1,8.2,None
C#CC(C)(C)NC(C)(C)C=C,8.2,None
C#CC(CC)(CC)N(CC)C(C)C,8.2,None
Nc1cc(-c2ccccc2)nc2ccccc12,8.2,None
CC1CCN(C(C)C=C(c2cccs2)c2cccs2)CC1,8.2,None
Nc1nc([S-])c2[nH]cnc2n1,8.2,None
CCCn1ccnc1C,8.2,None
Cn1c2c(sc1=NN)CCCC2,8.2,None
CN1C2CC3CC1C(O3)C2O,8.2,None
CCN(CC)CC(=O)NC1CCCCC1,8.21,None
O=C([O-])C(CO)NCc1ccccc1O,8.22,None
CC(C)CN(CCS)CC(C)C,8.23,None
[O-]c1c(Cl)c(Cl)cc(Cl)c1CN1CCOCC1,8.23,None
CCOC(=O)CC(NC)c1ccccc1,8.23,None
NC(=O)CC(=O)c1ccccn1,8.23,None
NC(=O)C=C(O)c1ccccn1,8.23,None
Cc1ccc(CN2CC(O[Si](C)(C)C)C2)cc1,8.24,None
CCC(=O)OC(C)CN(C)C,8.26,None
NCC#CC#CCCC(=O)[O-],8.26,None
CN(C)Cc1ccc(O)c(O)c1O,8.26,None
C=C(C)C(=O)OCCN(C)CCCC,8.27,None
CC(=O)SCCN(C)C,8.27,None
CCCC(=O)OC(C)CN(C)C,8.27,None
CC1CCCN(C(C)C=C(c2cccs2)c2cccs2)C1,8.28,None
CNCC(=O)NC,8.28,None
CCOC(=O)N1CCNCC1,8.28,None
CN(C)C=Nc1ccc(O)cc1,8.28,None
COc1ccc(-c2cc3ccncc3[nH]2)c(OC)c1,8.29,None
CN1CCC2=C(C1)C(c1ccccc1)c1ccccc12,8.29,None
[S-]c1cccc2cccnc12,8.29,None
COc1ccc(O)c(CNC(CO)C(=O)[O-])c1,8.3,None
CCCN(CCC)Cc1ccccc1O,8.3,None
CCCCCCCCN(CCO)CC(O)CC,8.3,None
CCCCCCCCN(CC(C)O)CC(C)O,8.3,None
CCCCNCCC#N,8.3,None
NCc1cccc(O)c1O,8.3,None
CCN(CC)C(C)(C)C=O,8.3,None
CN(C)CCC(C#N)(c1ccccc1)c1ccccc1,8.31,None
CC(CC(C#N)(c1ccccc1)c1ccccc1)N(C)C,8.31,None
NCC(=O)NCC(=O)[O-],8.31,None
CC(C)N1C2CCCC21,8.31,None
CCCC(=O)OCCN(C)C,8.31,None
CCOC(=O)CC(N)c1ccccc1,8.32,None
CCNCC#CCNCC,8.32,None
CCCC(=O)SCCN(C)C,8.32,None
C#CCCN(C)C,8.33,None
Nc1nc([S-])c2ncn(C3OC(CO)C(O)C3O)c2n1,8.34,None
NCc1ccc(Cl)cc1[N+](=O)[O-],8.34,None
CC1C2Cc3ccc(O)cc3C1(C)CCN2CCF,8.35,None
C=C1C2CC3C4N5CC6(C)CC(OC(C)=O)C(OC(C)=O)C47C6C5CC3(C1OC(C)=O)C7(O)C2,8.35,None
NCc1ccc(S(N)(=O)=O)cc1,8.35,None
CC1=C(CC(C)NCC(O)c2ccc([N+](=O)[O-])cc2)CCC1(C)C,8.36,None
CCCCCCCCCCCC[NH2+]CCCN,8.37,None
CCCCSCCN,8.37,None
Cc1c[nH]c(C)n1,8.39,None
c1ccc2c3c([nH]c2c1)CNCC3,8.4,None
CC1=CC(C)=NC1=Cc1[nH]c(C)cc1C,8.4,None
O=C(CCCN1CCC(O)(c2ccccc2)CC1)c1ccccc1,8.4,None
O=C(Cc1ccccc1Nc1c(Cl)cccc1Cl)OCCCCN1CCOCC1,8.4,None
CC(=NO)C(CN(C)C)=NO,8.4,None
COc1nc(C)cc([O-])n1,8.4,None
COc1cccc(CN(C)C)c1O,8.42,None
COC1CC=C2CCN3CCC(CO)C(=CCO)C23C1,8.42,None
[O-]c1ncc2[nH]cnc2n1,8.43,None
Cn1cnc2nc(N)nc([O-])c21,8.43,None
COC(=O)C1CCCN(C)C1,8.45,None
Nc1ccc(C(=O)[O-])c2ncccc12,8.46,None
CC(C=C(c1cccs1)c1cccs1)N1CCCCC1,8.46,None
CN(C)c1ccccc1C(=O)[O-],8.46,None
NC(Cc1c[nH]c(=S)[nH]1)C(=O)[O-],8.47,None
NCCC[n+]1ccc2c([N+](=O)[O-])cccc2c1,8.48,None
COc1ccc(-c2cc3cnccc3[nH]2)c(OC)c1,8.49,None
NCCCl,8.49,None
O=C([O-])c1nc[nH]c1C(=O)[O-],8.49,None
CCCCCCN(CC(C)O)CC(C)O,8.5,None
C=CCC(C)(CN(CC)CC)OC(=O)CCC,8.5,None
Cc1ccc(C(OCCN(C)C)c2ccccc2)cc1,8.5,None
CC=C1CN2C3CC45c6ccccc6N(C)C4C2CC1C3C5O,8.5,None
NCCBr,8.5,None
NCc1ccc([N+](=O)[O-])cc1,8.5,None
NCC(=O)Nc1ccc([N+](=O)[O-])cc1,8.5,None
CN(C1=NCCO1)c1ccccc1,8.51,None
CC(C)Cc1ccc(O)c(CN(C)C)c1,8.51,None
CC1=C(CC(C)NCC(O)c2ccc(F)cc2)CCC1(C)C,8.51,None
CN(CCO)CCO,8.51,None
C=C(C)C(=O)NC(C)CN(C)C,8.51,None
C(=CC=Nc1ccccc1)C=CNc1ccccc1,8.52,None
CCN(CC)CCCNc1c2ccccc2[nH+]c2ccccc12,8.53,None
NCc1ccccc1S(N)(=O)=O,8.53,None
NCc1nnn[n-]1,8.54,None
CC(Cl)CN,8.54,None
CCCCNCC(=O)c1ccc(O)cc1,8.55,None
CN(C)Cc1cc(C(C)(C)C)ccc1O,8.55,None
CC1=C(CC(C)NCC(O)c2ccc(Cl)cc2)CCC1(C)C,8.55,None
CCN(CC)CC1CO1,8.55,None
C=CC(=O)OCCN(CC)CC,8.55,None
Cc1ccc2c(c1)c1c3n2CCN=C3CCC1,8.57,None
CCC(=O)C(CC(C)N1CCCCC1)(c1ccccc1)c1ccccc1,8.58,None
NCc1ccccc1[N+](=O)[O-],8.59,None
COc1cccc(N=CN(C)C)c1,8.6,None
Nc1cccc2[nH]c(Cc3ccccc3)nc12,8.6,None
CCCCCCN(CC(O)CC)CC(O)CC,8.6,None
CCOC(=O)C1(c2ccccc2)CCN(C)CC1,8.6,None
COc1ccc2c3c1OC1C(=O)CCC4(O)C(C2)N(C)CCC314,8.6,None
Nc1cc(C=Cc2ccccc2)nc(C=Cc2ccccc2)c1,8.6,None
CC(C)(C)c1ccc(C(O)CCCN2CCC(C(O)(c3ccccc3)c3ccccc3)CC2)cc1,8.6,None
COc1cncnc1[O-],8.6,None
CCOC(=O)CCN(C)C,8.6,None
NCc1ccc(O)c(O)c1,8.6,None
CCNC(=O)C1CCCCN1,8.6,None
CN(C)Cc1ccccc1O,8.6,None
CC(=O)C1(c2cccc(O)c2)CCN(C)CC1,8.61,None
[O-]c1cc2ccccc2nn1,8.61,None
NC(=O)CC(=O)c1cccnc1,8.61,None
CCN(CC)Cc1cc(OC)ccc1O,8.62,None
CC(CC(O)(c1ccccc1)c1ccccc1)N1CCCCC1,8.62,None
CCC(=O)C(CC(C)N(C)C)(c1ccccc1)c1ccccc1,8.62,None
COC(=O)C1C(OC(=O)c2ccccc2)CC2CCC1N2C,8.63,None
CN(C)CCOC(c1ccccc1)c1ccc(Br)cc1,8.64,None
C=C(C)C(=O)OC(C)CN(CC)CC,8.65,None
CCCCCNCc1ccccc1O,8.65,None
CC(CN1c2ccccc2Sc2ccccc21)N(C)C,8.65,None
CC[n+]1c([O-])ccnc1[S-],8.65,None
Oc1cccc2[nH]ncc12,8.65,None
Cc1ccc(C(C)C)c(OCCN(C)C)c1,8.66,None
CCC(=O)OC1(c2ccccc2)CCN(C)CC1C,8.66,None
Oc1ccccc1CNC1CCCCC1,8.67,None
CCC1CN2CCC1CC2C(O)c1ccnc2ccc(OC)cc12,8.67,None
Cc1ccc(O)c(CN(C)C)c1,8.68,None
COc1cccc2c1CN(C1CC3CCC(C1)N3Cc1ccccc1)C2=O,8.68,None
[O-]c1ccnnc1,8.68,None
CCN1CC(O[Si](C)(C)C)C1,8.68,None
COC1CC=C2CCN3CCC(CO)=C(CCO)C23C1,8.69,None
CC(O)CN(C)CCO,8.69,None
CC(N)C(O)c1ccc(O)cc1,8.69,None
COc1ccc(O)c(CN(C)C)c1,8.7,None
CN1CCC(NNc2ccccc2)CC1,8.7,None
CCN1CCCC1CNS(=O)(=O)c1ccc(OC)c(OC)c1OC,8.7,None
COc1ccc([N+](=O)[O-])cc1C(=O)NC1CC2CCC(C1)N2Cc1ccccc1,8.7,None
COc1cc(C#N)cc(C(=O)NC2CC3CCC(C2)N3Cc2ccccc2)c1OC,8.7,None
C=C(C)C(=O)OCCN,8.7,None
CC[n+]1ccc([O-])nc1[S-],8.7,None
CCC(O)CN(C)CCO,8.7,None
CC(O)CN(C)CC(C)O,8.7,None
COc1cccc(CN)c1O,8.7,None
CC(=O)NNC1CCN(C)CC1,8.7,None
COc1ccc(C2CN2)cc1,8.7,None
C#CC(C)(C)N(C)C(C)C,8.7,None
COc1ccc2c3c1OC1C(O)CCC4C(C2)N(C)CCC341,8.71,None
CC1=C(CC(C)NCC(O)c2ccc(C)cc2)CCC1(C)C,8.71,None
O=C1c2ccccc2CN1C1CC2CCC(C1)N2Cc1ccccc1,8.71,None
C=CCN(C)C,8.72,None
O=C([O-])CN=C1CCCC1,8.72,None
COc1ccc([N+](=O)[O-])c(CN)c1,8.72,None
COc1c(Br)cccc1C(=O)NC1CC2CCC(C1)N2Cc1ccccc1,8.73,None
CC(C)CSCCN,8.73,None
CCN(CC)CC(=O)N(C)c1ccccc1C,8.74,None
Cn1c([O-])[nH+]c2cnc([O-])nc21,8.74,None
CN(C)CCOC(C)(c1ccccc1)c1ccccc1,8.75,None
C=C(C)C(=O)OCCN(C(C)C)C(C)C,8.77,None
COc1ccc(CN)c([N+](=O)[O-])c1,8.77,None
c1cncc(C2=NCCC2)c1,8.77,None
CNCC(O)c1cccc(O)c1,8.77,None
CCOc1cccc(C(=O)NC2CC3CCC(C2)N3Cc2ccccc2)c1OC,8.78,None
[O-]c1ccnc2nccnc12,8.78,None
CCNCC(=O)N(CC)CC,8.78,None
COc1ccc(I)cc1C(=O)NC1CC2CCC(C1)N2Cc1ccccc1,8.79,None
NCCF,8.79,None
ClC1CN2CCC1CC2,8.79,None
Nc1ccnc(-c2cc(N)ccn2)c1,8.8,None
CCOC(=O)C1CC2CCN1CC2,8.8,None
CC(C)CN(CC(C)O)CC(C)O,8.8,None
C#CC(CC)(CC)N(C)C(C)C,8.8,None
CC(CC(c1ccccc1)c1ccccc1)N1CCCCC1,8.8,None
CC(N)(CO)CO,8.8,None
Cn1cnc2ncnc([O-])c21,8.8,None
CNC(=O)C1CCCCN1,8.8,None
CCN(CC)Cc1ccccc1O,8.81,None
CC(O)CNCCO,8.81,None
CC(N)C(O)c1ccccc1,8.81,None
CCN(CC)CCSCC(C)C,8.83,None
[O-]c1c(Cl)cc(Cl)c(Cl)c1CN1CCOCC1,8.83,None
COc1ccc2c3c1OC1CCCC4C(C2)N(C)CCC314,8.83,None
[S-]c1ccnc2ccccc12,8.83,None
OC1(c2cc3ccccc3o2)CN2CCC1CC2,8.84,None
CC1=C(CC(C)NCC(O)c2ccccc2)CCC1(C)C,8.84,None
COc1cc(OC)c(OC)c(C(=O)NC2CC3CCC(C2)N3Cc2ccccc2)c1,8.84,None
CNCCc1ccc(O)c(O)c1,8.84,None
COc1c(CN)cc(C)cc1CN,8.85,None
CN(C)CCCNc1ccnc2ccccc12,8.85,None
CC=C(C)C(=O)OC1CCC2(C)C3CCC4C5(O)CC(O)C6(O)C(CN7CC(C)CCC7C6(C)O)C5(O)CC42OC13O,8.85,None
CSC1CCCC1N(C)C,8.85,None
COc1c(N)cccc1C(=O)NC1CC2CCC(C1)N2Cc1ccccc1,8.86,None
CCC(=O)C(CCN1CCCCC1)(c1ccccc1)c1ccccc1,8.86,None
CNCC(=O)N(C)C,8.86,None
CCOc1cccc(N=CN(C)C)c1,8.87,None
CCCCCCCCOCCN(C)C,8.87,None
COc1cc(S(N)(=O)=O)cc(C(=O)NC2CC3CCC(C2)N3Cc2ccccc2)c1OC,8.87,None
CN(C)CCOC(c1ccccc1)c1ccccc1,8.88,None
COc1ccccc1C(=O)NC1CC2CCC(C1)N2Cc1ccccc1,8.88,None
CC(O)CNCC(C)O,8.88,None
NCc1ccccc1O,8.89,None
COc1c(O)cccc1CN,8.89,None
NCCc1ccc(O)c(O)c1,8.89,None
CCCCCN(CCO)CC(C)O,8.9,None
CCOC(=O)c1cnc2c([N+](=O)[O-])cccc2c1[O-],8.9,None
COc1ccc(C2CCCN2C)cc1,8.9,None
CCCCCCN(CC(C)O)CC(O)CC,8.9,None
CCN(CC)C(C)C=C(c1cccs1)c1cccs1,8.9,None
CCCNC1c2ccccc2C=Cc2ccccc21,8.9,None
NC(=O)NOCCC(N)C(=O)[O-],8.9,None
CCN(CCO)CC(C)O,8.9,None
OCCN(CCc1nnn[n-]1)CCc1nnn[n-]1,8.9,None
CCC(O)CN(C)CC(C)O,8.9,None
CC(C)=NNC1CCN(C)CC1,8.9,None
CCCN(CC(C)O)CC(C)O,8.9,None
C1=C(c2ccco2)C2CCN1CC2,8.92,None
Cn1c(-c2ccccc2[O-])nc2ccccc21,8.92,None
COc1c(C)cccc1C(=O)NC1CC2CCC(C1)N2Cc1ccccc1,8.92,None
OCC1=CCN2CCC(O)C12,8.92,None
NCCCBr,8.93,None
SCCNCc1cccs1,8.93,None
CCN(CC)Cc1cc(C)ccc1O,8.94,None
CN1CCC23c4c5ccc(O)c4OC2C(O)CCC3C1C5,8.94,None
NCC(O)c1ccccc1,8.94,None
NC(Cc1n[nH]c2ccccc12)C(=O)[O-],8.95,None
CC(C=C(c1cccs1)c1cccs1)N(C)C,8.95,None
N=C1CCCC1,8.95,None
[O-]c1ncnc2cccnc12,8.95,None
CCN(CC)CCC(=O)Nc1c(C)cccc1C,8.96,None
c1ccc(C(CCN2CCCCC2)c2ccccc2)cc1,8.96,None
C=C(C)C(=O)OCCNC,8.96,None
NCCC[n+]1ccc2ccccc2c1,8.97,None
CC1CC(OC(=O)c2ccccc2)CC(C)(C)N1,8.97,None
CN(C)CC(P(=O)([O-])[O-])P(=O)([O-])[O-],8.98,None
c1ccc(C2=NCCN2)nc1,8.98,None
CC1=NCCc2c1[nH]c1ccccc21,8.99,None
O=C([O-])c1cc([O-])nc([O-])[n+]1C1OC(CO)C(O)C1O,9.0,None
CNCCC(=O)c1ccccc1,9.0,None
CC1(C)OC(=O)CC2C(C(=O)[O-])NCC21,9.0,None
C#CC(C)(C)NC(C)(C)CC,9.0,None
CCCN(CC(C)O)CC(O)CC,9.0,None
Cc1cc(C(N)CO)c(O)c(C(N)CO)c1,9.0,None
CCCCCN(CC(C)O)CC(C)O,9.0,None
CCCN(CC(O)CC)CC(O)CC,9.0,None
COc1ccc2c(c1O)CN(C)CCc1cc3c(cc1C(=O)C2)OCO3,9.0,None
CCCCSC1=NCCN1,9.0,None
CC(N)(C(=O)[O-])c1ccccc1,9.0,None
CN(C)C=Nc1ccccc1,9.0,None
CCC(O)CN(C)CC(O)CC,9.0,None
C[Si](C)(C)OC1CN(C2CCCCC2)C1,9.02,None
COc1ccc(C(O)CN)cc1,9.02,None
COc1cnccc1N,9.03,None
CCSCCN(CC)CC,9.03,None
OCCNCCO,9.04,None
C1CSCCN1,9.05,None
OC1(c2ccco2)CN2CCC1CC2,9.06,None
Nc1ccncc1N,9.06,None
Cc1ccc(C(O)CN)cc1,9.06,None
COc1cc(N)cc(C(=O)NC2CC3CCC(C2)N3Cc2ccccc2)c1OC,9.07,None
CC(CCCNCc1ccccc1)C1CCC2C3CCC4CC(O)CCC4(C)C3CC(O)C12C,9.07,None
NC(CCc1ccc([N+](=O)[O-])cc1)C(=O)[O-],9.1,None
CCCCCN(CCO)CC(O)CC,9.1,None
CCCCCN(CC(C)O)CC(O)CC,9.1,None
C1=C(c2ccccc2)C2CCN1CC2,9.1,None
c1ccc(N=C(Nc2ccccc2)Nc2ccccc2)cc1,9.1,None
Nc1ccncc1C(=O)[O-],9.1,None
CN1CC(O[Si](C)(C)C)C1,9.1,None
CCC(O)CN(CC)CCO,9.1,None
Cc1cccc(N=CN(C)C)c1,9.11,None
Cn1cnc2c([O-])ncnc21,9.11,None
C=C(C)C(=O)OCCNCCCC,9.12,None
COc1c(Cl)cc(Cl)c([O-])c1C(=O)NC1CCN(C)CC1,9.12,None
CCN1CCCC1CNC(=O)c1c([O-])c(Br)cc(Br)c1OC,9.12,None
CCN1CCCC1CNC(=O)c1c([O-])c(Cl)cc(Cl)c1OC,9.12,None
CCN1CCCC1CNC(=O)c1cc(S(N)(=O)=O)ccc1OC,9.12,None
c1ccc(C2CN3CCCC3c3ccccc32)cc1,9.12,None
CNC(CO)CO,9.12,None
CC1CC23C4CCCN2CCCC3C(CC4O)C1=O,9.13,None
CN1CCC(n2nc(-c3ccccc3)c(Cc3ccccc3)c2[O-])CC1,9.13,None
CCOC(=O)CCN,9.13,None
CC(N)CCc1ccc(O)cc1,9.14,None
CNc1cnccc1N,9.14,None
O=C([O-])C12CNCCC1O2,9.14,None
CCc1c(-c2ccccc2)nn(C2CCN(C)CC2)c1[O-],9.15,None
N=C1CCCCC1,9.15,None
Cc1cnccc1N,9.15,None
CN(C)CCC(c1ccc(Cl)cc1)c1ccccn1,9.16,None
Nc1ccncc1,9.16,None
Cn1c(=NN)ccc2ccccc21,9.17,None
CCc1cnccc1N,9.17,None
NCCC(=O)Oc1ccc([N+](=O)[O-])cc1,9.17,None
CCCCCCCCCCCCCCCCN(CC(C)O)CC(C)O,9.19,None
Cn1cnc2cnc([O-])nc21,9.19,None
CCCc1c(C)[n-]n(C2CCN(C)CC2)c1=O,9.2,None
CCCCCN(CC(O)CC)CC(O)CC,9.2,None
CN(C)CCOC(C)(c1ccccc1)c1ccccn1,9.2,None
OCCN(CCO)CCc1nnn[nH]1,9.2,None
CCC(O)CN(CC)CC(C)O,9.2,None
CC(O)CN(CCO)C(C)(C)C,9.2,None
COc1ccc2[nH]c3c(c2c1)CCN=C3C,9.21,None
NC1CCc2ccccc21,9.21,None
NC(Cc1ccncc1)C(=O)[O-],9.22,None
O=C(CCN1CCCCC1)c1ccccc1,9.23,None
CC(CN1CCCC(C)(C)C1)Nc1ccccn1,9.23,None
CCC(=O)C(CCN(C)C)(c1ccccc1)c1ccccc1,9.23,None
CC(C)SCCN,9.23,None
O=C([O-])CNCCc1nnn[n-]1,9.23,None
Cc1ccccc1CN,9.23,None
C[n+]1c([S-])nc([O-])c2ccccc21,9.23,None
CC(C)(C)N1CC(O[Si](C)(C)C)C1,9.24,None
CN1CCCCCCN(C)CCCCCC1,9.24,None
NCc1ccc(Cl)cc1,9.24,None
C#CCCCCN(C)C,9.24,None
O=C1C=CN2CC3CC(CN4CCCCC34)C2C1,9.25,None
CCN(CC)CCC(C)=O,9.25,None
C=C(C)C(=O)NCCCN(C)C,9.25,None
NC(Cc1cccnc1)C(=O)[O-],9.26,None
O=C([O-])C1CCCN1C(=O)C1CCCN1,9.27,None
NCC(O)C(=O)[O-],9.27,None
NCCC#CC#CCCC(=O)[O-],9.27,None
CC(=O)OC1CN2CCC1CC2,9.27,None
CC(O)C1CCC2C3CCC4CC(N)CCC4(C)C3CCC12C,9.28,None
CN(C)CCC(c1ccccc1)c1ccccn1,9.29,None
Cc1cc([O-])[nH+]c([O-])n1,9.29,None
CCN(CC)CCCC#N,9.29,None
CC(C)C(=O)C(C)(C)CN(C)C,9.3,None
CCCCN(CC(C)O)CC(C)O,9.3,None
Nc1c2ccccc2nc2c(N)cccc12,9.3,None
Nc1cc(C=Cc2ccccc2)nc2ccccc12,9.3,None
NCC=C(Cl)Cl,9.3,None
NCC(O)CO,9.3,None
[O-]c1cc[n+](C2OC(CO)C(O)C2O)c([O-])n1,9.3,None
CC(N)Cc1ccc(O)cc1,9.3,None
COc1ccc2c(c1OC(C)=O)C13CCN(C)C(C2)C1CCC(OC)C3,9.31,None
CCOC(=O)c1cnc2cc([N+](=O)[O-])ccc2c1[O-],9.32,None
CCN(CC)CCSC(C)C,9.32,None
c1ccc(NC2=NCCCO2)cc1,9.33,None
NC(CCC(=O)[O-])C(=O)[O-],9.33,None
CC(O)CN(CC(C)O)C(C)C,9.33,None
C=CCN(CC=C)CCCNC(=O)C=N[O-],9.34,None
COc1ccc(N=CN(C)C)cc1,9.35,None
C=CCNCC=C,9.35,None
NC1CCCCCC1O,9.35,None
CC(O)CN(CC(C)O)C(C)(C)C,9.36,None
CN(C)CCO,9.36,None
COCCCN(C)C,9.36,None
CC(N)c1ccccc1,9.36,None
CNCCc1ccc(O)cc1,9.36,None
C=C(C)C(=O)NCCN(CC)CC,9.37,None
C=C1CC1CC(N)C(=O)[O-],9.37,None
Cc1cccc(CN)c1,9.37,None
CC1CCCCC1=N,9.38,None
COc1ccc(CN)cc1OC,9.39,None
CCC(O)CN(CCO)C(C)(C)C,9.4,None
CC(Cc1ccccc1)N(C)C,9.4,None
CN(C)CCC(c1ccccc1)c1ccccc1,9.4,None
CCCCCCCCCCCCCCCCCCN(CC(C)O)CC(C)O,9.4,None
Nc1nc(N)nc([O-])n1,9.4,None
[O-]c1ccncc1Br,9.4,None
COC(=O)C1CN2CCC1CC2,9.4,None
Nc1nc([O-])c2ncn(C3OC(CO)C(O)C3O)c2n1,9.41,None
CSCCN,9.41,None
COc1cccc(CN)c1OC,9.41,None
Nc1nccc([O-])n1,9.42,None
NCCc1ccc([N+](=O)[O-])cc1,9.42,None
Cc1nc([O-])n[nH]1,9.43,None
NCCOCCO,9.43,None
CCCSCCN,9.43,None
CN(C)CCNC(=O)C=N[O-],9.43,None
Cc1cc(N)c2ccccc2n1,9.44,None
CCN(CC)Cc1ccccc1,9.44,None
Cc1cc(N)ccn1,9.44,None
CC(C)NCC(O)COc1ccccc1,9.45,None
Nc1cc(N)c2ccccc2n1,9.45,None
CCCCNCc1ccccc1,9.46,None
C=C(C)C1CNC(C(=O)[O-])C1CC(N)=O,9.47,None
CCCCCCCCNCc1ccc(C)cc1,9.47,None
CN=C1CCCCC1C,9.47,None
CCCCCCCCCNCc1ccc(C)cc1,9.48,None
CCCCCCCCCCNCc1ccc(C)cc1,9.48,None
CCSCCN,9.48,None
c1ccc2c(c1)CCNC2,9.48,None
CC1(O)CCCCC1N,9.49,None
CN(C)CCC(=O)C(C)(C)C,9.49,None
Nc1ccc(C=Cc2cc(N)c3ccccc3n2)cc1,9.5,None
CCOc1ccc2nc(C=Cc3ccccc3)cc(N)c2c1,9.5,None
CCOc1ccc2nc(C=CC=Cc3ccccc3)cc(N)c2c1,9.5,None
C=CCN(C)CCCNC(=O)C=N[O-],9.5,None
c1ccc(CN2CCCC2)cc1,9.51,None
Cc1ccc(CN)cc1,9.51,None
C=C(C)C1CNC(C(=O)[O-])C1CC(=O)OC,9.52,None
COc1ccc(CC(C)N)cc1,9.53,None
NCCC[n+]1cc(Br)c2ccccc2c1,9.53,None
C[Se]CCN,9.53,None
CCC(N)CO,9.53,None
CC(C)(C)N1NC2CCC1CC2,9.54,None
CCN1CCCC1CNC(=O)c1c(OC)ccc(Cl)c1[O-],9.54,None
CCN1CCCC1CNC(=O)c1c([O-])cccc1OC,9.54,None
CCN(CC)CCCNS(=O)(=O)c1ccc(OC)c(OC)c1OC,9.54,None
CCc1ccc(OC)c(C(=O)NCC2CCCN2CC)c1[O-],9.54,None
CCc1cc(CC)c(OC)c(C(=O)NCC2CCCN2CC)c1[O-],9.54,None
O=C([O-])C1CCN1,9.54,None
COc1cc2c(cc1O)CCN1Cc3c(ccc(OC)c3OC)CC21,9.55,None
NCCO,9.55,None
CNCC(O)CO,9.55,None
CN(C)Cc1ccc(NC(=O)C=N[O-])cc1,9.56,None
CC1=NCCCC1,9.57,None
CCOC(=O)c1ccc(CCN)cc1,9.58,None
C=CCc1ccccc1OCC(O)CNC(C)C,9.59,None
O=[N+]([O-])c1ccc([O-])c(CN2CCOCCOCCOCCOCCOCC2)c1,9.59,None
c1ccc(C2CCCN2)cc1,9.6,None
C#CC(C)(C)N(CC)C(C)(C)C,9.6,None
CN(C)CCCC(=O)Oc1ccc([N+](=O)[O-])cc1,9.6,None
C1CCCNCCCCCCNCC1,9.6,None
Oc1onc2c1CCNCC2,9.6,None
CC1=CCN2CCC(O)C12,9.6,None
CN1C2CCC1CC(OC(=O)C(O)c1ccccc1)C2,9.61,None
CCCNCc1ccccc1,9.62,None
CCOC(=O)c1cnc2ccccc2c1[O-],9.62,None
C=C(C)C(=O)OCCCN,9.62,None
CCN(CC)CCSC,9.62,None
CCOC(=O)C1CN2CCC1CC2,9.64,None
CNCc1ccccc1,9.64,None
NCc1ccc(C(=O)[O-])cc1,9.64,None
CC1CCCCC1=NCC(=O)[O-],9.64,None
NCCc1ccc(Br)cc1,9.65,None
NC1CCCc2ccccc21,9.66,None
CN1C2CCC1CC(OC(=O)C(CO)c1ccccc1)C2,9.66,None
C=CCN1CCCCC1,9.66,None
CC(=O)CCCCN(C)C,9.66,None
CC(N)Cc1ccc2c(c1)OCO2,9.67,None
COCCN,9.67,None
CCC(N)C(=O)[O-],9.67,None
COc1ccc(CN)cc1,9.67,None
Cc1cc(N)c(C)cn1,9.68,None
ClCC1CC2CCN1CC2,9.68,None
O=[N+]([O-])c1ccc([O-])c(CN2CCOCCOCCOCCOCC2)c1,9.69,None
CN(C)CCCC(=O)Oc1ccccc1,9.7,None
CC(C)(C)NCC(O)COc1nsnc1N1CCOCC1,9.7,None
O=C1C2CC(CN3CCCC=C23)C2CCCCN12,9.7,None
CN(C)c1ccc(C=Cc2cc(N)c3ccccc3n2)cc1,9.7,None
CC(CCCN)C1CCC2C3CCC4CC(O)CCC4(C)C3CCC12C,9.7,None
CN1CCCC(C(=O)[O-])C1,9.7,None
C=CCC(C)(O)CN(CC)CC,9.71,None
CCOC(=O)CCCN,9.71,None
COc1ccc2c3c([nH]c2c1)C(C)=NCC3,9.72,None
C[n+]1ccc([O-])nc1[O-],9.73,None
C=CCN,9.74,None
CC(C)(N)CO,9.74,None
O=C([O-])C(CO)NCc1cc([N+](=O)[O-])ccc1[O-],9.75,None
CC(CO)CN(C)C,9.75,None
CN(C)CC(C)(C)C,9.75,None
CN(C)CCCO,9.76,None
CCc1cc(Cl)c(OC)c(C(=O)NCC2CCCN2CC)c1[O-],9.77,None
COc1cccc([O-])n1,9.77,None
CC(N)CCc1ccccc1,9.78,None
CCC1CCCN1C,9.78,None
CN(C)CCCNC(=O)C=N[O-],9.78,None
Cc1ccc(CCN)cc1,9.78,None
COc1ccc(CCN)cc1,9.79,None
CN(C)CCc1ccc(O)cc1,9.8,None
CN(C)CC(=O)[O-],9.81,None
CC1=CSC2=NCCN12,9.81,None
[O-]c1ncnc2ccccc12,9.81,None
CN(C)c1ccc(C2=CN3CCC2CC3)cc1,9.82,None
CC(=CC=CC(C)C(=O)[O-])C1CNC(C(=O)[O-])C1CC(=O)[O-],9.82,None
C1=CN2CCC1CC2,9.82,None
CN(C)CCCN(C)C(=O)C=N[O-],9.83,None
CCN(CC)CCO,9.84,None
C=CCC(C)(CN(CC)CC)OC(C)=O,9.85,None
CN(C)CCC(=O)[O-],9.85,None
CCCC(N)C(=O)[O-],9.86,None
CNC(C)Cc1ccccc1,9.87,None
COc1ccc(CCN)cc1OC,9.87,None
Cc1ccc(OC(=O)CCCCN(C)C)cc1,9.87,None
CC(=O)OCC1CC2CCN1CC2,9.88,None
Cn1ccc(=NC(=O)c2ccccc2)cc1,9.89,None
CC1(C)CC(Nc2ccccc2)=CC(=Nc2ccccc2)C1,9.89,None
NCCCCl,9.89,None
NCCc1ccccc1,9.89,None
CN(C)CCCCC(=O)Oc1ccc([N+](=O)[O-])cc1,9.9,None
CNC(C(=O)[O-])C(C)C,9.9,None
CNCCO,9.91,None
CC(CN)C(=O)[O-],9.91,None
CC(C)CN(C)C,9.91,None
CN1CC=CC1,9.92,None
Cn1cnc2c([O-])nc(N)nc21,9.92,None
O=C([O-])C1CCCC(C(=O)[O-])N1,9.92,None
CN(C)Cc1cc([N+](=O)[O-])ccc1[O-],9.93,None
CNCc1ccc(C)cc1,9.93,None
NCCCC#CC#CCCC(=O)[O-],9.94,None
NCCCCOc1c2ccccc2cc2ccccc12,9.94,None
C[n+]1c([O-])ccnc1[O-],9.94,None
CC(CN)c1ccccc1,9.94,None
NCCC=CC(=O)[O-],9.95,None
CN(C)C,9.96,None
NC1CCc2ccccc2C1,9.97,None
CN=c1scc(C)n1C,9.97,None
CCN(C)CCCNC(=O)C=N[O-],9.97,None
CCCNCc1ccc(C)cc1,9.98,None
CCC(C)(N)C(=O)[O-],9.98,None
Cc1ccc(C2CCCN2)cc1,9.99,None
CC(N)CCCc1ccccc1,9.99,None
CC(=O)c1ccc([O-])c(CN(C)C)c1,10.0,None
CN(C)CCCCC(=O)Oc1ccccc1,10.0,None
NCCCO,10.0,None
CC(N)=NN(C)C,10.0,None
CC(O)CNC(C)(C)C,10.0,None
Cn1cnc2c1c([O-])nc([O-])[n+]2C,10.0,None
CN=c1sc2c(n1C)CCCC2,10.0,None
CC(C)N1C[Si](C)(C)O[Si](C)(C)C1,10.0,None
[O-]c1ccnc2cccnc12,10.01,None
CNC(=N)CCNS(=O)(=O)c1ccc(C)cc1,10.02,None
CCCCCCCNCc1ccc(C)cc1,10.02,None
CC(C)N(CCc1ccccc1)CCc1ccccc1,10.02,None
c1coc(C2CN3CCC2CC3)c1,10.03,None
CCCCN(C)C,10.03,None
CCNCc1ccc(C)cc1,10.04,None
CCN(C)C,10.05,None
c1ccc(CN(CC2=NCCN2)c2ccccc2)cc1,10.06,None
CC(C)NCC(=O)[O-],10.06,None
Cc1cc([O-])nc([O-])[n+]1C,10.06,None
CC(O)C(=O)C1=Nc2c([O-])nc(N)nc2NC1,10.06,None
CC(C)C(C(C)C)N(C)C,10.06,None
CCCCCNCc1ccc(C)cc1,10.08,None
CN1CCCCC1,10.08,None
CC(C)N(CCO)C(C)C,10.08,None
CCN(CC)CCCCC#N,10.08,None
C=CC(=O)NC(C)(C)CCN(CC)CC,10.09,None
C=CC(C)(C)NC(C)(C)C=C,10.1,None
CC1CC2CCCC2N1C,10.1,None
CCN(CC)CCCC(C)=O,10.1,None
C[Si](C)(CNC1CCCCC1)O[Si](C)(C)CNC1CCCCC1,10.11,None
CC(C)(C)NCCO,10.11,None
CC(C)CNCC(=O)[O-],10.12,None
CC(C)(N)Cc1ccccc1,10.13,None
Cc1cc([O-])[n+](C)c([O-])n1,10.13,None
CN(C)CCCCNC(=O)C=N[O-],10.13,None
CC(N)CC1CCCCC1,10.14,None
CC(C)CCCN(C)CCCNC(=O)C=N[O-],10.15,None
CC(C)(N)C(=O)O,10.15,None
CCOC(=O)CCCCN,10.15,None
OCC1CCCN2CCCCC12,10.16,None
CCNCC(=O)[O-],10.16,None
CCCCNCC(=O)[O-],10.16,None
CCCCCCNCc1ccc(C)cc1,10.17,None
CC(C)(C)CN,10.17,None
NCC1CCCCC1O,10.18,None
CCCNC(C)C(=O)[O-],10.19,None
NC12CCC(CC1)C2,10.19,None
NCCc1c[nH]c2ccccc12,10.2,None
c1ccc(C2CN3CCC2CC3)cc1,10.2,None
Cn1nc(-c2ccccc2)ccc1=NCCN1CCOCC1,10.2,None
CCN(CC)C(C)O,10.2,None
C=C(C)C1CNC(C(=O)[O-])C1CC(=O)[O-],10.21,None
C#CCCCN,10.21,None
CC1CCCC(C)N1C,10.21,None
O=C([O-])CN(CC(=O)[O-])Cc1cc([N+](=O)[O-])ccc1[O-],10.22,None
NCCC(=O)[O-],10.22,None
CCNC(C)C(=O)[O-],10.22,None
CN(C)Cc1cc(C(=O)c2ccccc2)ccc1[O-],10.23,None
CNCCc1ccccc1,10.23,None
CN=c1oc2c(n1C)CCCC2,10.23,None
OCC1CCN2CCC(O)C12,10.24,None
CC1CCN(C)C(C)(C)C1,10.24,None
CC1CCCCN1C,10.26,None
NCCCc1ccccc1,10.27,None
O=C(OC1CC2CCC(C1)N2)C(CO)c1ccccc1,10.28,None
CC(C)CCCC(C)N,10.28,None
CC(=O)OCC1CN2CCC1CC2,10.29,None
CN(C)c1ccc(C2CN3CCC2CC3)cc1,10.29,None
CN(C)CCCCCNC(=O)C=N[O-],10.29,None
COc1ccc2[nH]cc(CC(C)N)c2c1,10.3,None
CC(C)N(C)C,10.3,None
[O-]c1c(Cl)cc(Cl)c(Cl)c1CN1CCCCC1,10.32,None
CCN(CC)CCCNC(=O)C=N[O-],10.33,None
CCN(CC)CCCC(C)C1CCC2C3CCC4CC(O)CCC4(C)C3CC(O)C12C,10.34,None
c1ccc(CC2CCCN2)cc1,10.35,None
CCCN(CCC)CCCNC(=O)C=N[O-],10.35,None
c1ccc2c(CC3=NCCN3)cccc2c1,10.35,None
O=C([O-])CN1CCCCC1,10.35,None
CC(C)CN,10.36,None
CCCCN1CCCC1,10.36,None
CCOC(=O)CCCCCN,10.37,None
CC(C)(N)c1ccccc1,10.38,None
NCCCCc1ccccc1,10.39,None
CCN(C)CC,10.39,None
CC(C)C1CC(CC(=O)[O-])NC1C(=O)[O-],10.4,None
Cc1cc(C)c2nc(C)cc(N)c2c1,10.4,None
CN1CCC1,10.4,None
CCC(C)N(C)C,10.4,None
CC1CCCC(C(=O)[O-])N1,10.4,None
CCCCCC(N)=NN(C)C,10.4,None
CCCCNC(C)=NN(C)C,10.4,None
N=C(N)N(c1ccccc1)c1ccccc1,10.42,None
CN(C)CCCCCCNC(=O)C=N[O-],10.43,None
CC(N)CCC(=O)[O-],10.43,None
CCCN1CCCCC1,10.45,None
NC(c1ccccc1)C(O)c1ccccc1,10.46,None
[O-]c1cccnn1,10.46,None
CC1CCC(N(C)C)CC1,10.46,None
CN(C)CCCCCCCNC(=O)C=N[O-],10.47,None
CCCCN1CCCCC1,10.47,None
CCCN(CCC)CCC,10.47,None
CN(C)C1CCCCC1,10.48,None
CN(C)CCCCCCCCNC(=O)C=N[O-],10.5,None
C#CCCCCN,10.5,None
NCCCCCc1ccccc1,10.51,None
CC1CCCC(N(C)C)C1,10.51,None
CNC(C)CC1CCCCC1,10.52,None
NCCCCCO,10.52,None
CN(C)C(C)(C)C,10.52,None
NCC1CCCCC1,10.52,None
O=[N+]([O-])c1ccc([O-])c(CN2CCCCC2)c1,10.54,None
CC(C)CNC(C)C,10.55,None
CCC(C)N,10.56,None
CN(C)CCCCCCCCCCNC(=O)C=N[O-],10.57,None
CNCCCc1ccccc1,10.58,None
CN1CCCC1,10.58,None
CC(C)CNCC(C)C,10.59,None
Cn1ccc(=NN)c2ccccc21,10.6,None
C=CC1CN2CCC1CC2C(=O)[O-],10.6,None
CCCC1N=C(N)N=C(Nc2ccc(SC)cc2)N1,10.6,None
CCCCCCCCCCNCCC(=O)[O-],10.6,None
CCCCCCCCCCCCNCCC(=O)[O-],10.6,None
CCOC(=O)COc1ccc(C(=O)c2ccc([O-])c(CN)c2)c(Cl)c1Cl,10.6,None
CCCCCCCCCCCCCCCCCCN,10.6,None
CCCCCCCCCCCCCCCCCCCCCCN,10.6,None
NCCCCCCBr,10.6,None
CCN(CC)N=C(C)N,10.6,None
CCN1CCCC1C,10.6,None
CCCCCCNCCC(=O)[O-],10.6,None
CCCCCCCCCCCCCCCN,10.61,None
CCCCCCCCCCCCCCCCN,10.61,None
CCCCCCCCCCCCCCN,10.62,None
NCCCCCCO,10.62,None
CC1CC2CCN1C2,10.62,None
CCCCCCCCCCCCN,10.63,None
CCCCCCCCCCCCCN,10.63,None
O=C([O-])C1CCCCN1,10.63,None
CCCCCCCCCCN,10.64,None
CC(C)N,10.64,None
C#CCCCCCN,10.64,None
CC1CCCC(C)N1CC(C)(C)O,10.65,None
CNCCCN1c2ccccc2CCc2ccccc21,10.65,None
CCCN,10.65,None
CCCCN1CCCC1C,10.65,None
CCN(CC)Cc1cc(Br)ccc1[O-],10.67,None
NC1CCCCC1,10.67,None
CCN1CCCCC1,10.68,None
CCN1CCCCC1C,10.68,None
[O-]c1ncc2ccccc2n1,10.69,None
CCCCN1CCCCC1C,10.7,None
NCCCCCC#CC#CCCC(=O)[O-],10.7,None
CC12CN3CC(C)(C1)CC(C)(C3)C2,10.7,None
NC(Cc1nc[n-]n1)C(=O)[O-],10.7,None
CCOc1ccnc([O-])n1,10.7,None
CC(=O)C(CN1CCCCC1)=N[O-],10.7,None
CN(C)c1ccc(C(=N)c2ccc(N(C)C)cc2)cc1,10.71,None
CN(C)Cc1cc(Br)ccc1[O-],10.71,None
Nc1ccnc2c([O-])cccc12,10.71,None
O=[N+]([O-])c1cc(CN2CCCCC2)c([O-])c2ccccc12,10.73,None
NCC[S-],10.73,None
CC(C)(C)N,10.73,None
NCCCCCCC#CC#CCCC(=O)[O-],10.74,None
C#CCCCCCCN,10.74,None
C[Si](C)(CCN)O[Si](C)(C)CCN,10.74,None
CNC(C)(C)C(=O)[O-],10.75,None
Cn1cccnc1=N,10.75,None
C[Si](C)(C)CCCN,10.75,None
NCCCCCC(=O)[O-],10.76,None
CCCCCCCCN,10.76,None
CC1CCCC(C)(C)N1C,10.76,None
CCC(C)NCC(C)C,10.77,None
CN(C)CC[S-],10.78,None
CNCCCC(=O)[O-],10.78,None
CCN(CC)CC,10.78,None
C1CCCNCCC1,10.78,None
NCCCCCCCCCCCCN,10.79,None
Cc1ccc(S(=O)(=O)[N-]CCC(=N)N)cc1,10.8,None
C1CCC(C2CCCN2)CC1,10.8,None
C=CC(C)(C)NC(C)(C)CC,10.8,None
CCCCN(CCCC)CCCC,10.8,None
CCCCNC,10.8,None
CC(C)NC[Si](C)(C)C,10.8,None
CN(C)CC[Se-],10.81,None
[S-]c1nccc2ccccc12,10.82,None
CCCCCC(C)(C)N,10.83,None
CC(C)(C)CC(C)(C)N,10.84,None
[O-]c1cc2ccccc2cc1C1=NCCN1,10.85,None
CC([Se-])CN,10.85,None
CN1C2CC=C(C(=O)[O-])C1CC2,10.85,None
CCC(N)(CC)CC,10.87,None
OCC1CCN2CCCC12,10.87,None
CCC(C)(C)N,10.89,None
CC1CCNCC1,10.89,None
CC(C)CCNCCC(C)C,10.9,None
CCCNCC[S-],10.9,None
C1CCC2NCCCC2C1,10.9,None
CCNCC[Se-],10.91,None
CC1CCCNC1,10.92,None
CC1CCN2CCC(O)C12,10.92,None
CC(C)CCN,10.93,None
CCC(C)NC(C)CC,10.94,None
CC(C)([Se-])CN,10.95,None
NCCCCCCC(=O)[O-],10.95,None
C[Si](C)(C)CNC1CCCCC1,10.96,None
CC1CCN1,10.96,None
CCN1CCCC1,10.96,None
CN1CCCCCC1,10.96,None
CC(C)N1CCCCC1,10.96,None
NCCCCCCCC(=O)[O-],10.97,None
CNC,10.98,None
CC1CCCCN1,10.98,None
CCN(CC)CC(C)=N[O-],10.98,None
C[Si](C)(C)CCN,10.99,None
C1CCCNCC1,10.99,None
CC1CCCC(C)N1,10.99,None
NCCCCCCCCCCC(=O)[O-],11.0,None
Nc1cccc2nc3ccccc3c(N)c12,11.0,None
CCCCCCCCCCCCNCCCCCCCCCCCC,11.0,None
CCCCCCCCCCCCCCCNCCCCCCCCCCCCCCC,11.0,None
CCCCCCCCCCCCCCCCCCNCCCCCCCCCCCCCCCCCC,11.0,None
C[Si](C)(C)CNC[Si](C)(C)C,11.0,None
NCCCCCCCCCC(=O)[O-],11.01,None
CCCCCCNCCCCCC,11.01,None
CC(C)(C)NCCCCCCNC(C)(C)C,11.01,None
CCN(CC)CC[S-],11.01,None
NCCCCCCCCC(=O)[O-],11.02,None
CCNC(C)C,11.03,None
CCNCCCC(=O)[O-],11.03,None
CCN(CC)Cc1cc([N+](=O)[O-])c2ccccc2c1[O-],11.04,None
CC(C)NC(C)C,11.04,None
C1CN2CCC1CC2,11.04,None
[O-]c1nccc2nccnc12,11.05,None
[O-]c1nc([O-])c2[nH]cnc2n1,11.08,None
[O-]c1ccncc1,11.09,None
CNc1ccnc([S-])n1,11.1,None
CC1CCNC(C)(C)C1,11.1,None
CCNC[Si](C)(C)C,11.11,None
CCNc1ccnc([S-])n1,11.13,None
CCCCNc1ccnc([S-])n1,11.13,None
CC1(C)CCCC(C)(C)N1,11.17,None
CCN(CC)Cc1cc(Cl)ccc1[O-],11.19,None
CCC(C)(C)NC1CCCCC1,11.2,None
CN(C)CCc1c[nH]c2ccc([O-])cc12,11.2,None
CCC(C)(C)N(C)C(C)C,11.2,None
CC(C)N1CCCC1,11.22,None
C1CCNCC1,11.24,None
[O-]c1ccnc2ccccc12,11.25,None
CC1CCCC(C)(C)N1,11.27,None
CCCCNCCCCCCNCCCC,11.28,None
CC1CN2CCC1CC2,11.29,None
CCCCNCCCC,11.29,None
C=CC(C)(CC)N(C)C(C)C,11.3,None
C1CCN2CC3CC(CN4CCCCC34)C2C1,11.3,None
NCCC[Se-],11.3,None
C1CCNC1,11.3,None
CC1CC2CCN1CC2,11.33,None
CC(C)(C)NC1CCCCC1,11.34,None
CC(C)CNC(c1ccccc1)C(O)c1ccccc1,11.34,None
CC1CCN2CCCC12,11.44,None
CCN(C(C)C)C(C)C,11.44,None
Cc1ccc(S(=O)(=O)N(C)CCC(=N)N)cc1,11.5,None
CN1CCCC2CCN=C21,11.5,None
CCCCN(CC[S-])CCCC,11.57,None
CCN1CCCC=C1C,11.57,None
CCC(C)(C)NC(C)(C)CC,11.6,None
[O-]c1ccccn1,11.68,None
Oc1ccc(Cl)cc1CN1CCCC1,11.715,None
C1CC2CCCN2C1,11.74,None
CCN(CC)Cc1c([O-])c(Cl)cc(Cl)c1Cl,11.76,None
[O-]c1ccc(Cl)cc1CN1CCCCC1,11.76,None
O=C([O-])CN(CC(=O)[O-])Cc1ccccc1[O-],11.79,None
CN(C)c1cccc2c(S(=O)(=O)[N-]CCN3CCNCCNCCNCC3)cccc12,11.8,None
N=C(N)c1ccccc1,11.8,None
CC(C)N(C(C)C)C(C)C,11.86,None
CCC(C)(C)N(C)C(C)(C)C,11.9,None
CCN(CC)CC(=N[O-])C(C)=NO,11.9,None
[O-]c1nc2ccccc2[nH]1,11.95,None
[O-]c1nncc2ccccc12,11.99,None
[O-]c1nccc2cccnc12,12.01,None
CCN=C1C=C(NCC)CC(C)(C)C1,12.13,None
C[N-]C(=O)Oc1ccc2c(c1)C1(C)CCN(C)C1N2C,12.25,None
CCOc1ccc2ccc(OCC)c(N3CCOCC3)c2c1N1CCOCC1,12.5,None
Cn1ccc(=N)cc1,12.5,None
[O-]c1ccccc1C1=NCCN1,12.58,None
COc1ccc2ccc(OC)c(N3CCOCC3)c2c1N1CCOCC1,13.0,None
[O-]c1ccnc([O-])c1,13.0,None
N=C(N)N,13.1,None
CNC(=N)N,13.4,None
CNC(=N)N(C)C,13.6,None
CN(C)C(=N)N(C)C,13.6,None
CN=C(NC)N(C)C,13.9,None
c1ccc(-n2cnnn2)cc1,-3.41,None
O=[N+]([O-])c1ccc(C=Cc2nnnn2-c2ccc([N+](=O)[O-])cc2)cc1,-3.15,None
CC(N)=S,-2.51,None
CN(C)C(=S)c1ccccc1,-2.3,None
CCn1cc(C#N)c(=O)c2ccccc21,-1.55,None
Oc1nccc2ccccc12,-1.2,None
O=C(O)c1ncccn1,-1.13,None
Cc1ccccc1NN=C(C#N)C#N,-0.84,None
Cc1cccc(C)c1NN=C(C#N)C#N,-0.82,None
N#CC(C#N)=NNc1ccccc1Br,-0.8,None
N#CC(C#N)=NNc1cccc(Cl)c1,-0.78,None
N#CC(C#N)=NNc1ccccc1[N+](=O)[O-],-0.76,None
N#CC(C#N)=NNc1ccccc1C(F)(F)F,-0.7,None
O=C(O)c1ccc[nH]1,-0.65,None
O=C(O)c1cc2ccccc2[nH]1,-0.57,None
Cc1cc(C(F)(F)F)n[nH]1,-0.5,None
Brc1cnc2ccccc2c1,-0.44,None
Nc1ccc([N+](=O)[O-])c(F)c1,-0.3,None
O=Cc1ccc(-c2ncc(-c3ccccc3)o2)cc1,0.02,None
CC(=O)Nc1c(C)n(C)n(-c2ccccc2)c1=O,0.18,None
CSc1cnc2ccccc2n1,0.26,None
COC(=O)c1nc2cc(Cl)ccc2[nH]1,0.3,None
O=[N+]([O-])c1ccc(-c2cnc(-c3ccccc3)o2)cc1,0.35,None
Brc1ccc(-c2ncc(-c3ccccc3)o2)cc1,0.4,None
Cc1ccc2c(c1)cc(C)n2C,0.5,None
Nc1ccc([N+](=O)[O-])c2ccccc12,0.53,None
O=Cc1ccc(-c2cnc(-c3ccccc3)o2)cc1,0.57,None
c1ccc2nccnc2c1,0.64,None
Cc1cc(Br)c(N)c(Br)c1,0.69,None
Nc1nnnn1-c1cccc(Cl)c1,0.7,None
c1ccc(Nc2ccccc2)cc1,0.76,None
Nc1nnnn1-c1ccc(Cl)cc1,0.78,None
Oc1cccc2nccnc12,0.85,None
Cc1ccc(-c2ncc(-c3ccc(Cl)cc3)o2)cc1,0.88,None
CSc1nc(C)cc(=O)n1C,0.9,None
N#Cc1ccccc1N,0.95,None
CN1c2ccccc2Nc2ccc(O)cc21,1.0,None
Cc1ccc(-c2ncc(-c3ccccc3)o2)cc1,1.04,None
CCCN(CCC)c1ccc([N+](=O)[O-])cc1,1.06,None
Cc1ccc(Nc2ccccc2)cc1,1.16,None
CN([NH3+])C(N)=S,1.2,None
COc1ccc(-c2ncc(-c3ccccc3)o2)cc1,1.25,None
Nc1ccc(S(=O)(=O)Nc2cccnn2)cc1,1.3,None
c1ccc2[nH]ncc2c1,1.31,None
Cn1ccc(=S)cc1,1.36,None
c1ccc2scnc2c1,1.38,None
CCOc1ccc(Nc2ccccc2)cc1,1.41,None
Cn1cncc(-c2ccccc2)c1=O,1.5,None
CC(=O)NS(=O)(=O)c1ccc(N)cc1,1.58,None
COc1ccc(OC)nn1,1.61,None
CCN(CC)c1ccc([N+](=O)[O-])cc1,1.7,None
O=[N+]([O-])c1cc2nc[nH]c2cc1[N+](=O)[O-],1.73,None
CCN(CC)S(=O)(=O)c1ccc(N)cc1,1.75,None
Nc1ncc(S(=O)(=O)c2ccccc2)s1,1.79,None
O=C(c1ccccc1)n1cnc2ccccc21,1.8,None
Nc1nnn[nH]1,1.81,None
C[n+]1cnccc1[O-],1.84,None
Oc1cncnc1,1.87,None
N#Cc1ccncc1,1.91,None
O=[N+]([O-])c1ccc2cccnc2c1O,1.94,None
O=C(O)c1ccc(N=Cc2ccccc2)cc1,1.97,None
Nc1ccc(S(=O)(=O)Nc2ncccn2)cc1,2.0,None
CC(=O)Nc1ccc(S(=O)(=O)Nc2ccccn2)cc1,2.03,None
Nc1ccc(Cl)cc1Cl,2.07,None
NC(=O)NN=Cc1ncnc2nc[nH]c12,2.1,None
Cc1nnc(NS(=O)(=O)c2ccc(N)cc2)s1,2.19,None
COC(=O)c1ccccn1,2.21,None
Cc1n[nH]c(C)c1Cl,2.23,None
C[n+]1ccc(-c2nc3ccccc3[nH]2)cc1,2.26,None
Sc1cccnc1,2.28,None
Nc1ccc(Br)cc1Br,2.3,None
c1ccnnc1,2.33,None
c1ccc(Oc2ccccn2)cc1,2.35,None
O=[N+]([O-])c1ccc2[nH]c(-c3cccs3)nc2c1,2.36,None
COc1nc2ccccc2c2ccccc12,2.38,None
Nc1c2c(ncn2Cc2ccccc2)nc[n+]1[O-],2.4,None
COC(=O)c1cc(Br)c(=O)n(N)c1,2.4,None
Nc1ccc(C(=O)O)cc1,2.41,None
c1ncc2[nH]cnc2n1,2.45,None
CCCCOC(=O)c1ccc(N)cc1,2.47,None
Nc1cc(Br)cc(Br)c1,2.49,None
COc1ccncn1,2.5,None
COc1cccnn1,2.52,None
CN(C)c1ccc(C(=O)O)cc1,2.57,None
CCOC(=O)c1ccc(N)cc1,2.58,None
CCc1ccc(N=Nc2ccc(N(C)C)cc2)cc1C,2.6,None
Nc1cccc([N+](=O)[O-])c1,2.6,None
C[n+]1ccc(NN)c2ccccc21,2.61,None
Nc1cc([N+](=O)[O-])c2ccccc2c1,2.62,None
O=[N+]([O-])c1ccc2[nH]c(-c3ccco3)nc2c1,2.64,None
Clc1nc2cc3c(cc2[nH]1)CCCC3,2.68,None
Cn1ncc2c(N)nc(Cl)nc21,2.69,None
c1csc(-c2nccs2)n1,2.76,None
Nc1cccc2cccc([N+](=O)[O-])c12,2.79,None
CCCc1c(O)n[nH]c1C,2.8,None
NNC=O,2.81,None
N#Cc1cccc(N)c1,2.83,None
Cc1nc2ncncc2[nH]1,2.85,None
NNC(=O)c1ccccn1,2.86,None
Cc1cccc(N=Nc2ccc(N)cc2)c1,2.88,None
Nc1ccc2cc([N+](=O)[O-])ccc2c1,2.9,None
Cc1ncnc2c(O)cccc12,2.9,None
Brc1cccnc1,2.94,None
Nc1ccccc1F,2.96,None
CSc1nc2cncnc2n1C,2.98,None
Cc1[nH]nc(O)c1C(C)C,3.0,None
CN(CO)c1ccc(Cl)cc1,3.02,None
C#CCN(CC#C)CC#C,3.04,None
Nc1cccc2cn[nH]c12,3.05,None
CCN(CC)c1nnc(-c2ccccc2)s1,3.09,None
CSc1nc(N)c2c(ncn2C2OC(CO)C(O)C2O)n1,3.1,None
Nc1ncnc2nn(C3CC(O)C(CO)O3)nc12,3.1,None
Nc1ccc2ccc([N+](=O)[O-])cc2c1,3.13,None
COc1nc2ncncc2[nH]1,3.14,None
Cc1ncncc1N,3.15,None
Nc1ccc2c([N+](=O)[O-])cccc2c1,3.16,None
CCOc1c(C#N)cnc2ccccc12,3.18,None
CCc1c(C)c[nH]c1C,3.19,None
O=C1CC2OCC=C3C4CC5N(CCC56c5ccccc5N1C6C24)C3S(=O)(=O)[O-],3.2,None
Cc1ccnnc1,3.22,None
Ic1cccnc1,3.25,None
CSc1nc(N)n[nH]1,3.27,None
CC(=O)Oc1cccc2cccnc12,3.3,None
Cn1cnc2c(N=O)c(O)ccc21,3.31,None
CC(=O)c1cccnc1,3.32,None
Cn1ccc(=O)cc1,3.33,None
COC(=O)c1ccncc1,3.38,None
Nc1ncc2ncn(C3OC(CO)C(O)C3O)c2n1,3.4,None
ON=Cc1ccccn1,3.4,None
Nc1cccc(F)c1,3.41,None
Nc1n[nH]c(N)c1N=Nc1ccccc1,3.43,None
COC(=O)c1c2ccccc2nc2ccccc12,3.45,None
c1ccc2cnncc2c1,3.47,None
CCCCc1cccnn1,3.49,None
Nc1n[nH]c(N)c1N=Nc1ccccc1O,3.51,None
Nc1ccc2c(c1)Cc1c(F)cccc1-2,3.54,None
Nc1ncccn1,3.55,None
Nc1cccc2ncncc12,3.57,None
OCCN1CC[NH+](CCCN2c3ccccc3Sc3ccc(Cl)cc32)CC1,3.59,None
CC(=O)n1ccnc1,3.6,None
Nc1ncc(Br)s1,3.61,None
CSc1ccccn1,3.62,None
COc1cc(C)ncn1,3.65,None
Cn1ncc2c(NCc3ccccc3)ncnc21,3.66,None
COc1nc(N)c2cnn(C)c2n1,3.66,None
Oc1ccc(Cl)c2cccnc12,3.68,None
CNc1cccc2ccccc12,3.7,None
COc1nc(N)c2[nH]cnc2n1,3.7,None
ON=C1C=CC(=NO)c2ncccc21,3.7,None
COC(=O)Cc1ccccc1N,3.71,None
O=Cc1cccnc1,3.73,None
Cc1ncc2nc(C)c(C)nc2n1,3.76,None
CC(C)(C)c1ccccc1N,3.78,None
Nc1ccc(Br)cc1,3.79,None
Cn1ncc2c(NCc3ccco3)ncnc21,3.8,None
CN(C)c1cccc2c(S(N)(=O)=O)cccc12,3.8,None
ONc1ncnc2nc[nH]c12,3.8,None
Nc1ccccc1-c1ccccc1,3.81,None
CNc1ncccn1,3.82,None
COc1ccc(C=Nc2ncc3nc[nH]c3n2)cc1,3.86,None
CSc1cnc2ccccc2c1,3.88,None
Nc1ncnc2ncn(C3OC(CO)C(O)C3O)c12,3.9,None
OC(c1ccccc1)(c1ccccc1)c1ccccn1,3.9,None
COC(=O)C1CSCN1,3.92,None
Cc1c[nH]c(C)c1C,3.94,None
c1cnc2nc[nH]c2c1,3.95,None
Cn1ncc2c(NC(C)(C)CC(C)(C)C)ncnc21,3.96,None
NOCc1ccc([N+](=O)[O-])cc1,3.96,None
Clc1cnc2c(ccc3cccnc32)c1,3.99,None
CCCCCCCCCCCCCCCC[NH+](CCCCCCCCCCCCCCCC)CCn1ccnc1,4.0,None
Cc1n[nH]c2cc(N)ccc12,4.0,None
c1coc(CNc2ncnc3[nH]ncc23)c1,4.01,None
CN(C)c1ncc2[nH]cnc2n1,4.02,None
Cc1ccccc1C(N)=NO,4.03,None
O=Cc1ccncc1O,4.05,None
ON=CNO,4.05,None
CC(=O)Nc1ccccn1,4.09,None
Cc1ccc2c(c1)C(CC[NH3+])CN2,4.1,None
Cc1cc(N)cc[n+]1[O-],4.1,None
COCCN(CCOC)c1ccccc1,4.11,None
COc1ccc(Cl)c2cccnc12,4.13,None
CCOc1cccc(N)c1,4.15,None
Cc1ccc2c(c1)ncn2C1OCC(O)C(O)C1O,4.17,None
COc1cc(N)c(C#N)c(N)n1,4.17,None
Nc1ccc(S(=O)(=O)Nc2ccc(N)nc2)cc1,4.19,None
CSCc1cccc(CSC)n1,4.19,None
Cc1ccc(N=C2C=CC(=N)C=C2)c(N)c1,4.2,None
CN(C)c1cc[n+](C)c([O-])n1,4.2,None
CC(C)Nc1ncnc2c1cnn2C,4.22,None
c1ccc(Oc2cccnc2)cc1,4.24,None
CCNc1ncnc2c1cnn2C,4.24,None
CN(C)c1ccc(Br)cc1,4.25,None
CCCNc1ncnc2c1cnn2C,4.25,None
COCCNc1cccc(C)c1,4.29,None
Cc1cc(C)c(C)c(N)c1C,4.3,None
c1cc2c(nn1)CCCC2,4.3,None
CNc1ncnc2nc[nH]c12,4.31,None
c1cncc(-c2ccc[nH]2)c1,4.32,None
NC(=O)Cc1ccccn1,4.34,None
Cn1c(CO)nc2ccccc21,4.36,None
Cc1cc(C)c(N)c(C)c1,4.37,None
CN(C)c1ccc(Cl)cc1,4.39,None
O=C(Cc1ccc2ccc3cccnc3c2n1)c1ccccc1,4.4,None
Cc1ccc(CON)cc1,4.4,None
CC(C)c1ccccc1N,4.42,None
CC(=O)Nc1cccnc1,4.44,None
Nc1cccc(B(O)O)c1,4.46,None
Cc1cc(C)c2cccc(C)c2n1,4.48,None
c1cnc2[nH]ccc2c1,4.48,None
Nc1cccc2c1CCCC2,4.5,None
Cc1ccc2nc3ccc(C)cc3cc2c1,4.5,None
C=CC(CC(C)(C)CC(C)(C)C)c1ccc2cccnc2c1O,4.51,None
Cc1nc(N)c2cnn(-c3ccccc3)c2n1,4.52,None
Cc1nc(N(C)C)nc(OC(=O)N(C)C)c1C,4.53,None
OCCCNc1ccccc1,4.53,None
C(=Nc1ccccc1)c1ccccc1,4.55,None
Cc1cccc(C=O)n1,4.55,None
Cc1nc(N)c2ncsc2n1,4.56,None
c1ccc2c(c1)cnc1ccccc12,4.58,None
Cc1ccccc1C=Cc1ccc(N(C)C)cc1,4.59,None
COc1ccc(N(C)CO)cc1,4.59,None
CCOCCNc1ccc(C)cc1,4.6,None
Cc1nc2ncccc2[nH]1,4.6,None
Cc1n[nH]c2c(Nc3ccccc3)ncnc12,4.61,None
CN1CCN(C)c2cccc3cccc1c23,4.62,None
c1cncc(-c2ccco2)c1,4.62,None
Cc1cc2ncn(C3OC(CO)C(O)C(O)C3O)c2cc1C,4.63,None
COCCNc1ccc(C)cc1,4.64,None
C[Si](C)(C)c1cccc(N)c1,4.64,None
c1ccc(-c2ccoc2)nc1,4.65,None
COc1ccc(-c2cn3ccsc3n2)c(OC)c1,4.67,None
O=C([O-])CSc1nc2cc3ccccc3cc2[nH]1,4.68,None
Cc1cccc(NCCS)c1,4.68,None
CCCCNc1cc[nH+]c([O-])n1,4.69,None
Nc1nc2ccccc2nc1N,4.7,None
NC(=O)Cc1cccnc1,4.72,None
CSc1ccc2ncccc2c1,4.75,None
O=C([O-])c1ccnc2ccccc12,4.76,None
Nc1ccncc1F,4.77,None
CN(C)c1nc2ncncc2[nH]1,4.8,None
COCCN(C)c1ccccc1,4.81,None
Nc1ccc2c(c1O)Cc1ccccc1-2,4.82,None
OCc1nc2ccccc2[nH]1,4.82,None
CC(C)CNc1ccccc1,4.84,None
c1ccc(-c2ccnc3c2ccc2c(-c4ccccc4)ccnc23)cc1,4.84,None
Nc1ccc2ccnnc2c1,4.85,None
CCCCCCCP(=O)(CCCCCCC)NC1CCCCC1,4.87,None
COc1cccc2cccnc12,4.88,None
CN(C)c1ncc(-c2ccccc2)s1,4.89,None
COc1cccnc1,4.89,None
c1ccc(-c2ccnc3c2ccc2cccnc23)cc1,4.9,None
C=Cc1ccccn1,4.92,None
Cc1cc(C)nc(N)n1,4.93,None
C=CC(CC(C)(C)C)c1ccc2cccnc2c1O,4.94,None
Cc1n[nH]c2c(NCc3ccccc3)ncnc12,4.95,None
c1ccc2c(c1)CCCN2,4.96,None
NC(=NO)c1ccccc1,4.97,None
Cc1cccc2ncccc12,5.0,None
O=C([O-])c1c2ccccc2nc2ccccc12,5.0,None
OCc1cccnc1,5.0,None
CNc1nc(C)nc2c1cnn2C,5.0,None
C1OC1CN(CC1CO1)CC1CO1,5.01,None
Oc1cccc2cccnc12,5.02,None
Cc1ccc(N)cc1,5.04,None
Brc1ccc(C2NCCS2)cc1,5.05,None
Cc1ccccc1NC1CCCC1,5.07,None
Cc1cn2nc(-c3ccccc3)ccc2n1,5.09,None
[O-]c1nc(C(F)(F)F)nc2nc[nH]c12,5.1,None
CN(C)c1ccccc1,5.1,None
COc1cccc(C2NCCS2)c1,5.12,None
CC(=Nc1ccccc1O)c1ccccc1O,5.14,None
Nc1nc(N(CCO)CCO)nc(N(CCO)CCO)n1,5.15,None
Nc1ccc2[nH]ncc2c1,5.15,None
Oc1ccc(NCc2ccccc2)cc1,5.17,None
COc1cccc(NCCS)c1,5.18,None
Nc1ccc2c(c1)CCCC2,5.2,None
O=C([O-])CSc1nc2cc3c(cc2[nH]1)CCCC3,5.2,None
CCc1cncc(C)c1,5.2,None
Oc1cccc2ncccc12,5.2,None
Cc1cnc2c(ccc3cc(C)cnc32)c1,5.23,None
c1ccc2cc3[nH]cnc3cc2c1,5.24,None
Cc1cccc(C2NCCS2)c1,5.26,None
CC(=O)N1CCNc2ncnc(C)c21,5.26,None
OCC(O)C(O)C(O)C(O)c1nc2ccccc2[nH]1,5.28,None
CC1=NCCS1,5.29,None
c1ccc(NC2CCCC2)cc1,5.3,None
C[NH+](C)CCCCN1C=Nc2cccc3cccc1c23,5.3,None
C[n+]1nc(-c2ccccc2)ccc1NCCN1CCOCC1,5.31,None
O=C([O-])C1OC(Oc2ccc3cccnc3c2)C(O)C(O)C1O,5.32,None
Cc1ccc(C2NCCS2)cc1,5.35,None
Nc1ccc2c(c1)CCC2,5.35,None
CNc1ccc(C)cc1,5.36,None
N#CCN,5.37,None
CSCc1ccccn1,5.4,None
c1ccc(CSc2ccncc2)cc1,5.41,None
CN1CCCCC1c1cccnc1,5.42,None
Nc1nccs1,5.44,None
CCCn1cnc2ccccc21,5.46,None
c1ccc2nc3ccccc3cc2c1,5.48,None
Nc1ccc2nc(C=Cc3ccccc3)ccc2c1,5.5,None
Cc1ccnc2ccccc12,5.51,None
CCCSSC(CCO)=C(C)N(C=O)Cc1cnc(C)nc1N,5.52,None
Nc1ccc(O)cc1,5.54,None
Cc1ccc(N(C)C)cc1,5.56,None
OCCCc1cccnc1,5.57,None
Nc1nc(N)c2cn[nH]c2n1,5.58,None
Nc1cccc2cnccc12,5.59,None
CC(=O)Nc1ccc2cc3ccccc3nc2c1,5.6,None
CCCCCCCCCCCCCCCCCCN(CC(O)CC)CC(O)CC,5.6,None
CCN(CC)c1nc(N)nc(N)n1,5.61,None
Cc1ccc2cccc(O)c2n1,5.63,None
C=CCSSC(CCO)=C(C)N(C=O)Cc1cnc(C)nc1N,5.65,None
CCn1cnc2ccccc21,5.66,None
C=Cc1ccc(C)nc1,5.67,None
OCCc1ccncc1,5.68,None
CCC1CN1,5.69,None
CCOC(=O)Cc1nc2ccccc2[nH]1,5.7,None
Nc1ccncn1,5.7,None
Oc1ccc2ccncc2c1,5.7,None
OCCCCCc1cccnc1,5.72,None
CC(C)(C)c1ccccn1,5.72,None
c1ccc(CN(CC2CO2)CC2CO2)cc1,5.75,None
C[NH+](C)CCNc1ccnc2cccc([N+](=O)[O-])c12,5.77,None
Cc1cnc2c(O)cccc2c1C,5.8,None
CSc1ccnc2ccccc12,5.81,None
Nc1ccc(C(O)(c2ccccc2)c2ccc(N)cc2)cc1,5.83,None
N#CC1CC2CCN1CC2,5.85,None
CCc1ccc(C(=O)[O-])nc1,5.86,None
C1CN(CC2CO2)CCO1,5.88,None
CC(N)=NO,5.9,None
N#CCCNN,5.91,None
CNc1ccc(OC)cc1,5.93,None
CC(C)(C)c1ccncc1,5.95,None
CSc1ccncc1,5.97,None
CCc1ccccn1,5.98,None
c1ccc(-c2nc3cnccc3[nH]2)cc1,6.0,None
Cc1nc2cc(C(=O)[O-])ccc2[nH]1,6.0,None
CC(C)c1ccncc1,6.02,None
Nc1cncnc1N,6.03,None
Cc1cc2nc[nH]c2cc1C,6.04,None
Cc1cnc2c(c1)c(C)cc1c(C)c(C)cnc12,6.07,None
Cc1cnc(N(C)C)s1,6.08,None
CCCCNc1nnc(-c2ccccc2)cc1C,6.1,None
CCCCCCCCCCCCCCN(CC(C)O)CC(O)CC,6.1,None
Cn1cnc2cc(O)ccc21,6.1,None
C1CCc2c(nnc3c2CCCC3)C1,6.12,None
CCCN(CCC)c1ccccc1,6.13,None
Cc1ccc2nccc(NCCC[NH+](C)C)c2c1[N+](=O)[O-],6.15,None
c1ccc(Oc2ccncc2)cc1,6.16,None
O=S(=O)([O-])CCN1CCOCC1,6.16,None
COCc1nc2c(n1C)C(=O)c1ncnc([O-])c1C2=O,6.17,None
Clc1ccc(C2CN2)cc1,6.18,None
C[n+]1cnc2nc([O-])cnc2c1[O-],6.19,None
CCCCCCCCCCCCCCCC(=O)NC(Cc1c[nH]cn1)C(=O)[O-],6.2,None
CCOc1ccc2[nH]c(C)nc2c1,6.22,None
[S-]c1ncnc2ncncc12,6.23,None
CCCCCNN,6.25,None
CCOc1ccc2[nH]c(CC)nc2c1,6.27,None
Nc1cncc2ccccc12,6.28,None
Nc1cnc2c(N)nc(N)nc2n1,6.3,None
Cc1cnc2c(ccc3c(C)c(C)cnc32)c1C,6.31,None
Cc1c(Cn2ccnc2)n(C)c2ccc(C(=O)[O-])cc12,6.32,None
CN(c1ccccc1)C1CCCCC1,6.35,None
CC1=NCCc2c1[nH]c1ccc([N+](=O)[O-])cc21,6.37,None
OCc1c[nH]cn1,6.38,None
C[NH+](C)CCCNc1ccnc2cccc([N+](=O)[O-])c12,6.39,None
CCCCCCCCCCCCN(CCO)CC(O)CC,6.4,None
Cc1cc(NCCC[NH+](C)C)c2c([N+](=O)[O-])cccc2n1,6.41,None
COc1ccnc2c1ccc1c(OC)ccnc12,6.45,None
c1ccc(C2CN2)cc1,6.47,None
O=C(CCN1CCOCC1)c1cccc([N+](=O)[O-])c1,6.5,None
c1cc(N2CCCCC2)ccc1N1CCCCC1,6.5,None
Clc1ccc(C(Cn2ccnc2)OCc2ccc(Sc3ccccc3)cc2)c(Cl)c1,6.54,None
Cc1nc2ccccc2n1C,6.55,None
CCNN(C)C,6.58,None
Cc1cc(N)nc(Nc2ccc(Cl)cc2)n1,6.6,None
CN1CSCC1C(=O)[O-],6.6,None
c1ncc2c(n1)NCCN2,6.63,None
CNN(C)C,6.64,None
c1cc2c(cn1)CCCC2,6.65,None
Nc1ccc2nnc3ccccc3c2c1,6.68,None
CCN=c1sc(-c2ccccc2)nn1CC,6.7,None
CC(C)n1c(N)nc2ccc(C(=CC(N)=O)c3cccc(F)c3F)cc21,6.7,None
N#CCC(N)c1ccccc1,6.7,None
C[NH+](C)CCCCNc1ccnc2cccc([N+](=O)[O-])c12,6.71,None
Nc1ccc2cc3ccc4ccccc4c3nc2c1,6.72,None
Cc1ccc(C2CN2)cc1,6.76,None
Oc1ccc(Cl)cc1CN1CCOCC1,6.78,None
NNCCOc1ccccc1,6.8,None
Nc1cccnc1N,6.84,None
Cc1cc(N)nc(C)n1,6.85,None
CCC12CCCN3CCc4c(n(c5ccccc45)CC1)C32,6.9,None
C[NH+](C)CCCNc1ccnc2c([N+](=O)[O-])cccc12,6.91,None
CN(C)c1ccc(C(O)(c2ccccc2)c2ccc(N(C)C)cc2)cc1,6.93,None
COC(=O)C(N)CCONC(N)=O,6.95,None
CCC(=O)C(CCN1CCOCC1)(c1ccccc1)c1ccccc1,6.98,None
COC(=O)C(N)Cc1ccccc1,7.0,None
Cc1cccc(CCCCCCCC(=O)[O-])n1,7.0,None
CC1OC(n2ccc(N)nc2=O)CCC1OC1OC(C)C(N(C)C)C(O)C1O,7.0,None
CC(C)N(CCCl)CCCl,7.0,None
Cc1cnc2c([S-])ncnc2n1,7.02,None
CN1CC=CC1c1cccnc1,7.04,None
C#CCN(C)C,7.05,None
O=[N+]([O-])c1cccc2nccc(NCCCO)c12,7.06,None
c1ccc(CNC23OC4C5C6CC(C7C6C4C72)C53)cc1,7.07,None
CCCC(=N)OCC,7.08,None
NCC(F)F,7.09,None
CC(=O)N1CCN(C)CC1,7.1,None
CCOc1ccc2nc3c(c(N4CCOCC4)c2c1)CCC3,7.11,None
NNCCO,7.12,None
CNc1ccccn1,7.13,None
CCCCn1ccnc1,7.14,None
CC(C)(C)C1(O)CCN2CC3c4ccccc4CCc4cccc(c43)C2C1,7.15,None
Nc1ccncc1Br,7.15,None
O=C([O-])c1cc2cc(Cn3ccnc3)ccc2o1,7.17,None
COC(=O)C1=CN2CCC1CC2,7.17,None
CCCCNc1ccnc2cccc([N+](=O)[O-])c12,7.18,None
c1ccc(C2=NCCC2)cc1,7.2,None
Nc1ccc2[nH]c(CCc3ccccc3)nc2c1,7.2,None
CCCCCCCCCCCCCCCCN(CCCCCCCCCCCCCCCC)C(=O)C(C)NC(=O)C(Cc1c[nH]cn1)NC(=O)CCCCC[N+](C)(C)C,7.2,None
CN(C)Cc1cc(C[NH+](C)C)cc(O)c1O,7.22,None
C1=C(c2nc3ccccc3o2)C2CCN1CC2,7.23,None
NNCCc1ccccc1,7.25,None
CCCCN1CCCCC1C(=O)Nc1c(C)cccc1C,7.27,None
CN(C)C=Nc1cccc([N+](=O)[O-])c1,7.29,None
Nc1c2ccccc2nc2cccc([N+](=O)[O-])c12,7.3,None
Cc1cc(CO)c(C)c(C)n1,7.3,None
COC(=O)CCCc1c[nH]cn1,7.33,None
Cc1cc(C)nc(C)c1,7.35,None
C[n+]1c(N)ccnc1[O-],7.38,None
Nc1ccnc(-c2cc(Cl)ccn2)c1,7.4,None
Cc1ccc(S(=O)(=O)N2CCNCC2)cc1,7.41,None
c1ccc(CN(Cc2ccccc2)Cc2ccccc2)cc1,7.44,None
CCc1cc(Cl)n(C)c2nc3ccccc3c1-2,7.46,None
Cc1ccnc(N)c1,7.48,None
CC(O)CN(Cc1ccccc1)CC(C)O,7.5,None
CCCCCCCCN(CC(O)CC)CC(O)CC,7.5,None
CC(=O)N=C(N(C)C)N(C)C,7.5,None
CC(C=C(c1cccs1)c1cccs1)N1CCCCCCC1,7.52,None
NC1CONC1=O,7.53,None
NC(=O)C(N)Cc1c[nH]c2ccccc12,7.55,None
CN(C)CCBr,7.55,None
CCCNc1ccncc1S(=O)(=O)NC(=O)NC(C)C,7.58,None
Cc1cccc(C)c1NC(=O)CN1CCCCC1,7.6,None
O=C([O-])CCCc1c[nH]cn1,7.62,None
Cc1ccc2nc(C)c3c(c2c1)OC(C)C3C,7.65,None
CCCN(CCC)CC(=O)Nc1c(C)cccc1C,7.68,None
Cc1ccccc1NC(=O)CN1CCCCC1,7.7,None
Oc1ccccc1CN1CCOCC1,7.71,None
CCOC(=O)C(N)CC,7.71,None
C=C(C(=O)OC1CC2C3OC3C(C1)N2C)c1ccccc1,7.72,None
Cc1cc([O-])[nH+]c([S-])n1,7.73,None
[S-]c1ncnc2nc[nH]c12,7.74,None
OCCN(CCO)CCO,7.76,None
COC1C=CC2=CCN3CCC(CO)C(=CCO)C23C1,7.79,None
COC1C=CC2=CCN3CCC(CO)=C(CCO)C23C1,7.8,None
COc1cccc(CN2CC(O[Si](C)(C)C)C2)c1,7.81,None
Cc1cccc(C)c1NC(=O)CNCC(C)C,7.83,None
Cc1ccc(NC(=O)CN2CCCCC2)cc1,7.85,None
CNN,7.87,None
CCN(CC)CC(=O)Nc1c(C)cc(C)cc1C,7.9,None
C[Si](C)(C)OC1CN(Cc2ccc(F)cc2)C1,7.91,None
CCN(CC)CC(=O)Nc1cc(C)ccc1C,7.92,None
CCN(CC)CC(=O)Nc1ccccc1C,7.95,None
CN1CCC23c4c5ccc(O)c4OC2C(O)C=CC3C1C5,7.96,None
Cc1ncc[nH]1,7.97,None
O=CN1CCNCC1,7.98,None
CCN(CC)CC(=O)Nc1ccccc1,8.0,None
CC(C)NCCC#N,8.0,None
NC(=O)C=C(O)c1cccnc1,8.01,None
CCCc1ncc[nH]1,8.02,None
NCC(=O)NCC(=O)NCC(=O)N1CCCC1C(=O)[O-],8.04,None
COc1ccc2c3c1OC1C(O)C=CC4C(C2)N(C)CCC341,8.05,None
C=C(C)C(=O)OCCN(C)C,8.06,None
CN1CCC23c4c5ccc(OCc6ccccc6)c4OC2C(O)C=CC3C1C5,8.07,None
COc1cc2c(cc1OC)C(=O)Cc1ccc3c(c1CN(C)CC2)OCO3,8.09,None
Nc1ccnc(-c2ccccn2)c1,8.1,None
CNCCC#N,8.1,None
COc1ccccc1N=CN(C)C,8.11,None
CCC1CN2CCc3cc(OC)c(OC)cc3C2CC1CC=O,8.11,None
CCN(CC)CC(=O)Nc1ccc(C)cc1,8.13,None
COc1ccc(CN2CC(O[Si](C)(C)C)C2)cc1,8.17,None
CCN(CC)CC(=O)NC1CCc2ccccc21,8.19,None
NCc1cc(Cl)ccc1[N+](=O)[O-],8.19,None
CCCCCCCCN(CCO)CC(C)O,8.2,None
CCOc1nccc([O-])n1,8.2,None
C=CCN(CC(C)O)CC(C)O,8.2,None
Nc1ccnc2cc(Cl)ccc12,8.22,None
[O-]c1cnccn1,8.23,None
NC(CC(=O)[O-])C(=O)NC(CC(=O)[O-])C(=O)[O-],8.26,None
Cc1ccccc1N=CN(C)C,8.27,None
CCCCCCCCN1CCCCC1,8.28,None
CCC(=O)SCCN(C)C,8.28,None
CCC(=O)OCCN(C)C,8.29,None
CC(=Nc1ccccc1)Nc1ccccc1,8.3,None
CC(=O)OCCN(C)C,8.3,None
NCCC(=O)c1ccccc1,8.3,None
CC(=O)OC(C)CN(C)C,8.31,None
C=CCN(CC=C)CC=C,8.31,None
Cc1ccn(C)c2nc3ccccc3c1-2,8.35,None
NC1CCCC1C(=O)Oc1ccc([N+](=O)[O-])cc1,8.36,None
CC(N)C(=O)N1CCCC1C(=O)[O-],8.38,None
CCCCCCCCCCCCCCN(CC(C)O)CC(C)O,8.4,None
CN(C)C(C)(C)C=O,8.4,None
CCCCSCCN(CC)CC,8.43,None
Cc1cc([O-])nc2c1CCO2,8.44,None
CN(C)C=Nc1ccc(Cl)cc1,8.46,None
CC(C)(S)CN,8.48,None
NCC(=O)N1CCCC1C(=O)[O-],8.49,None
CCc1nc(C)c[nH]1,8.5,None
CCc1ccc(O)c(CN(C)C)c1,8.51,None
Cn1c(=O)c2c([O-])cnnc2n(C)c1=O,8.51,None
CCC(N)CCCl,8.53,None
C=C(C)C(=O)NCCN(C)C,8.54,None
NCc1cccc(S(N)(=O)=O)c1,8.55,None
CC1=C(CC(C)NCC(O)c2ccc(Br)cc2)CCC1(C)C,8.57,None
CC(=O)N(N=C(C)C)C1CCN(C)CC1,8.6,None
CCCN(CCC)CCc1c[nH]c2ccccc12,8.6,None
[O-]c1cccnc1,8.6,None
NCCc1cccc(O)c1O,8.6,None
COc1c(C(=O)NC2CC3CCC(C2)N3Cc2ccccc2)cccc1[N+](=O)[O-],8.61,None
CCCC(=O)C1(c2cccc(O)c2)CCN(C)CC1,8.62,None
NC(CO)CO,8.63,None
CCN(CC)Cc1c(C)cccc1O,8.65,None
C=C(C)C(=O)OCCN(CC)CC,8.66,None
CCC(=O)C1(c2cccc(O)c2)CCN(C)CC1,8.67,None
O=C(NC1CC2CCC(C1)N2Cc1ccccc1)c1cccc2c1OCCO2,8.68,None
O=C(CCNCCC(=O)c1ccccc1)c1ccccc1,8.69,None
C#CC(C)(C(C)C)N(C)C(C)C,8.7,None
COc1cc([N+](=O)[O-])cc(C(=O)NC2CC3CCC(C2)N3Cc2ccccc2)c1OC,8.7,None
COC(=O)C1=CCCNC1,8.7,None
CC(=O)N(N)C1CCN(C)CC1,8.7,None
Cc1ccccc1CN(C)C,8.71,None
C1COCCN1,8.71,None
N#Cc1ccc(CN)cc1,8.72,None
COc1ccc(C=O)cc1C(=O)NC1CC2CCC(C1)N2Cc1ccccc1,8.74,None
Clc1ccc(CC(=CCN2CCCC2)c2ccccc2)cc1,8.77,None
CN(C)Cc1ccccc1CO,8.78,None
COc1ccc(C(O)CNC(C)CC2=C(C)C(C)(C)CC2)cc1,8.79,None
c1cc(N2CCOCC2)ccn1,8.79,None
CN1CCCC1c1ccccc1,8.8,None
CCC(N)(CO)CO,8.8,None
Oc1ccccc1CN1CCCC1,8.81,None
COc1ccc(F)cc1C(=O)NC1CC2CCC(C1)N2Cc1ccccc1,8.82,None
CCCSCCN(CC)CC,8.83,None
COc1cc(Br)cc(C(=O)NC2CC3CCC(C2)N3Cc2ccccc2)c1OC,8.84,None
[O-]c1c(Cl)cc(Cl)cc1CN1CCOCC1,8.85,None
COc1ccc(N)cc1C(=O)NC1CC2CCC(C1)N2Cc1ccccc1,8.86,None
N=C1C=C(N)C(=O)c2ccccc21,8.87,None
COC1CC2CCN1CC2,8.87,None
C#CCCCN(C)C,8.88,None
CCCN1CC(O[Si](C)(C)C)C1,8.89,None
CCN(CC)CCOC(=O)c1ccccc1,8.9,None
CCS(=O)(=O)c1cc(OC)c(OC)c(C(=O)NC2CC3CCC(C2)N3Cc2ccccc2)c1,8.9,None
CCCN(CCO)CC(C)O,8.9,None
C=C(C)C(=O)OCCNCC(C)C,8.91,None
COc1cc(S(C)(=O)=O)cc(C(=O)NC2CC3CCC(C2)N3Cc2ccccc2)c1OC,8.92,None
COc1ccc2nccc(N)c2c1,8.94,None
COc1cc(CN)ccc1O,8.94,None
CC(=O)CCN(C)C,8.95,None
COCCN(C)C,8.96,None
CN(C)Cc1ccccc1,8.97,None
Nc1nc([O-])nc2nc[nH]c12,8.99,None
Cc1cc([O-])n(C2CCN(C)CC2)n1,9.0,None
CCCCCCN(CCO)CC(C)O,9.0,None
NC1CC(=O)NC1=O,9.0,None
CCCN(CCO)CC(O)CC,9.0,None
CCOC(=O)C1(c2ccccc2)CCN(CC)CC1,9.03,None
NCC(O)c1ccc(Cl)cc1,9.04,None
NCc1cccc(O)c1,9.06,None
CN1CCC=C(C(=O)[O-])C1,9.07,None
CCCCCCN(CCO)CC(O)CC,9.1,None
NC1CC1,9.1,None
[O-]c1cnc2ccccc2n1,9.1,None
CN(C)Cc1cccc(NC(=O)C=N[O-])c1,9.12,None
CCN1CCCC1CNC(=O)c1c(OC)ccc([N+](=O)[O-])c1[O-],9.12,None
CC(C)(C)N1NC2CCC1C2,9.12,None
C=C(C)C(=O)OCCNC(C)C,9.13,None
NCc1ccc(O)cc1,9.14,None
C=C(C)C(=O)OCCNCC,9.15,None
[O-]c1ncccn1,9.17,None
COCc1ccccc1CN(C)C,9.19,None
CCC(O)CN(CC)CC(O)CC,9.2,None
CN(C)Cc1c(C(C)(C)C)cccc1C(C)(C)C,9.2,None
Cc1ccc(N=CN(C)C)cc1,9.21,None
CC(C)(C)N1C2CCCC21,9.22,None
C#CCCN,9.23,None
C=CC(=O)NCCCN(C)C,9.23,None
CCOc1ccc(N=CN(C)C)cc1,9.24,None
CN1C(=N)C(C)(C)c2ccccc21,9.25,None
CC(C=C(c1ccccc1)c1ccccc1)N(C)C,9.26,None
[O-]c1cnnc2ccccc12,9.27,None
CC(=O)NCCN,9.28,None
C#CC(C)(C)N(C)C(C)(C)C,9.3,None
C=CCNCCCCCCCCCCC(=O)[O-],9.3,None
NC12CCC(C1)C2,9.3,None
CNCC(O)c1ccccc1,9.31,None
CC(C)(C)N1NC2CCC1C21CC1,9.33,None
Nc1ncnc([S-])c1N,9.34,None
c1csc(C2CCCN2)c1,9.35,None
NCc1ccccc1,9.36,None
C=C(C)C(=O)NC(C)(C)CCN(C)C,9.37,None
C=CC(=O)NC(C)(C)CCN(C)C,9.39,None
CC(N)CCCc1ccc(O)cc1,9.4,None
N=C(N)Nc1nc(N)nc(N)n1,9.4,None
COC(=O)CC1C(C(=O)[O-])NCC1C(C)O,9.41,None
CCN1CCC2(C)c3cc(O)ccc3CC1C2C,9.42,None
CC(N)CO,9.43,None
CN=C1CCCCC1,9.43,None
C1CN2CCC3OCC1C32,9.44,None
CC(C)NCC(O)COc1cccc2ccccc12,9.46,None
CC(C)NCC(O)c1cccc(F)c1,9.48,None
O=C([O-])CN=C1CCCCC1,9.48,None
CCC(O)CN(CC(C)O)C(C)(C)C,9.5,None
CC1CCC(O)C(N)C1,9.5,None
NCCCc1ccccc1O,9.51,None
Cc1ccc(OC(=O)CCCN(C)C)cc1,9.53,None
CN(C)CC1C2C=CC(C2)C1CO,9.54,None
CCc1cc(Cl)c([O-])c(C(=O)NCC2CCCN2CC)c1OC,9.54,None
NC(CC(=O)[O-])C(=O)[O-],9.54,None
NC1Cc2ccccc2C1,9.55,None
CC(C)NCC(=O)c1ccc([O-])cc1,9.58,None
COc1ccc(CC(C)N)cc1OC,9.6,None
CCC(O)CN(CC(O)CC)C(C)(C)C,9.6,None
CN1C(=N)Cc2ccccc21,9.6,None
CCCN(C)C,9.62,None
O=C([O-])C1CC(O)CN1,9.64,None
Nc1ccc2cc3ccc(N)cc3nc2c1,9.65,None
NCCc1ccc(Cl)cc1,9.66,None
Cc1ccccc1NC(=N)Nc1ccccc1C,9.67,None
Nc1nc([O-])c2ncn(C3C=CC(CO)C3)c2n1,9.68,None
COCC(C)CN(C)C,9.69,None
Cc1cc(-c2ccccc2)nn(CCN2CCOCC2)c1=N,9.7,None
Cc1cc(CN)c(O)c(CN)c1,9.7,None
COC(=N)N,9.72,None
C[n+]1c([O-])c([O-])nc2ccccc21,9.74,None
CCNCc1ccccc1,9.75,None
CCN(CC)CC(O)CO,9.77,None
CCCC1CCCN1C,9.78,None
CNC(C)Cc1ccc(OC)c(OC)c1,9.8,None
CN(C)CCCC(=O)Oc1cccc([N+](=O)[O-])c1,9.82,None
CSC(=N)N,9.83,None
NCCC=C(Cl)Cl,9.85,None
CNCC(C)c1ccccc1,9.87,None
Cc1nc2ccccc2nc1[O-],9.88,None
[S-]c1ccccn1,9.89,None
CC(N)Cc1ccccc1,9.9,None
COCCCN,9.92,None
OC1CN2CCC1CC2,9.93,None
N=C(Nc1ccccc1)Nc1ccccc1,9.94,None
CC#CC(C)Oc1cc(N)c(Cl)cc1C(=O)NC1CC2CCC(C1)N2C,9.95,None
c1cc(N2CCCC2)c2c(N3CCCC3)cccc2c1,9.97,None
CCCCNCc1ccc(C)cc1,9.98,None
N=c1c2ccccc2[nH]c2ccccc12,9.99,None
NCCCCBr,10.0,None
Cc1cc([O-])nc(-n2nc(C)cc2O)n1,10.0,None
CCCCC1CCCN1C,10.01,None
NC1(C(=O)[O-])CCCCC1,10.02,None
NCc1ccc(F)c([O-])c1,10.04,None
NC1(C(=O)[O-])CCCC1,10.06,None
CN(C)CCCCC(=O)Oc1cccc([N+](=O)[O-])c1,10.07,None
CC(O)C1CNC(C(=O)[O-])C1CC(=O)[O-],10.08,None
NC1CCCCC1C(=O)[O-],10.1,None
CNCC(=O)[O-],10.11,None
[O-]c1cc2nc(c1)COCCOCCSCCOCCOC2,10.13,None
O=C([O-])C(CO)NCc1cc(Cl)ccc1[O-],10.15,None
ClCC1CN2CCC1CC2,10.15,None
CNC1CCCCC1O,10.16,None
CNC(C)C(=O)[O-],10.19,None
CCN(CC)Cc1ccccc1OC,10.2,None
CN(C)N=C(N)CC[Si](C)(C)C,10.2,None
[S-]c1ccc2ccccc2n1,10.21,None
CN(C)Cc1cc(N=Nc2ccccc2)ccc1[O-],10.23,None
CC1CCCN1C,10.24,None
CN1CCCN(C)c2cccc3cccc1c23,10.27,None
[S-]CCNCc1ccccc1,10.28,None
Cc1cc(O)n(-c2nc(C)c(C)c([O-])n2)n1,10.3,None
CC1=CSC2=NCCCN12,10.31,None
CCCCCCCN,10.34,None
NCCCCO,10.35,None
Cc1cc(-c2ccccc2)nn(C)c1=NCCN1CCOCC1,10.37,None
Nc1cnc([S-])nc1N,10.39,None
CC1NC(CCCCCCCC(=O)[O-])CCC1O,10.4,None
CC(C)C(N)C(C)C,10.4,None
CN(C)C1CCCCC1O,10.42,None
O=C([O-])CCCCCN1CCCCC1,10.47,None
NCCCC(=O)[O-],10.48,None
CCN(CC)CC(=O)[O-],10.5,None
CN(C)CCCCCCCCCNC(=O)C=N[O-],10.52,None
NCCCCC#CC#CCCC(=O)[O-],10.53,None
OCC1CN2CCC1CC2,10.56,None
CC1CCN2CC=CC12,10.59,None
CCCCCCCCNCCC(=O)[O-],10.6,None
CCCCCCCCCCCCCCCCCN,10.6,None
CCNCCC(=O)[O-],10.6,None
CCCCNCCC(=O)[O-],10.6,None
CC(C)C1CNC(C(=O)[O-])C1CC(=O)[O-],10.62,None
CCCCCCCCCCCN,10.63,None
CNCCCNC(=O)C=N[O-],10.63,None
CCN(CC)N=C(N)CC[Si](C)(C)C,10.65,None
CCCCCN,10.65,None
CCCCCCN,10.68,None
C1CCC(N2CCCC2)CC1,10.7,None
CCCCN,10.7,None
CN(C1=NCCCO1)c1ccccc1,10.71,None
O=C([O-])C1CCNC1,10.72,None
CC(C)NCCc1ccc([O-])cc1,10.75,None
CNCCCCc1ccccc1,10.76,None
NCCCCC(=O)[O-],10.78,None
N=C(N)Nc1ccccc1,10.79,None
CC1CCC2C(C)CCC(C(=O)[O-])N2C1,10.8,None
CNCC[S-],10.81,None
CCN,10.84,None
OCC1CC2CCN1CC2,10.85,None
NCC[Se-],10.89,None
CC(CN(C)C)=N[O-],10.9,None
CCC(C)(N)CC,10.91,None
C1CCC2CNCCC2C1,10.95,None
CCCNC(C)C,10.96,None
CN(C)Cc1cc(Cl)ccc1[O-],10.97,None
CCN(CC)Cc1cc([N+](=O)[O-])ccc1[O-],10.99,None
CCCCCC(C)NC,10.99,None
CCCCCCCCCCCCCNCCCCCCCCCCCCC,11.0,None
CCC(C)NC(C)C,11.0,None
Cn1c2ccccc2c(=N)c2ccccc21,11.01,None
CCCNCCC,11.02,None
CCCCc1c(C)nc(NCC)nc1[O-],11.04,None
CCNCC,11.05,None
C1CNCCNCCCNCCNC1,11.1,None
[O-]c1c(Cl)cc(Cl)cc1CN1CCCCC1,11.12,None
CCCCCNCCCCC,11.18,None
CC(CCN(C)C)=N[O-],11.2,None
CN1C(C)(C)CCCC1(C)C,11.25,None
C1CNC1,11.29,None
C=CC(C)(C)N(C)C(C)(C)C,11.3,None
[O-]c1ccc(F)cc1CN1CCCCC1,11.31,None
Cc1ccc(S(=O)(=O)[N-]CCC(=N)N(C)C)cc1,11.4,None
Nc1ccc2c(N)c3ccccc3nc2c1,11.49,None
CCN(CC)Cc1cc(Cl)cc(Cl)c1[O-],11.57,None
C1CN=C2NCCC2C1,11.7,None
[O-]c1ccc2ccccc2n1,11.74,None
CC(C)NC(c1ccccc1)C(O)c1ccccc1,11.79,None
CCN1CCC=C1C,11.88,None
CC1CC(C=C2CC(C)(C)CN2)=NC1(C)C,12.1,None
Cn1ccc(=N)c2ccccc21,12.4,None
CC1=NCCCCN1,12.7,None
[O-]c1ccc([O-])nn1,13.0,None
Cn1cc([O-])nc1N,13.4,None
CN=C(N(C)C)N(C)C,13.8,None
