smiles,pka_acidic,group
O=[N+]([O-])c1ccc(S(=O)(=O)O)cc1,-7.15,None
O=[N+]([O-])c1cccc(S(=O)(=O)O)c1,-7.1,None
O=S(=O)(O)c1cccc(C(F)(F)F)c1,-6.93,None
O=S(=O)(O)c1ccc(Br)cc1,-6.72,None
C[n+]1ccc2ccccc2c1S,-2.13,None
N#Cc1c[nH+]c2ccccc2c1O,-2.08,None
Oc1[nH+]ncc2ccccc12,-2,None
Oc1cccn[nH+]1,-1.8,None
Oc1cccc[n+]1OCc1ccccc1,-1.7,None
O=[N+]([O-])c1cc[n+](O)cc1,-1.7,None
[O-][n+]1c2ccccc2[n+](O)c2ccccc21,-1.62,None
Sc1ccc2ccccc2[nH+]1,-1.44,None
C[n+]1ccccc1S,-1.42,None
CO[n+]1ccccc1O,-1.3,None
Sc1cccc[nH+]1,-1.22,None
Nc1nc2c(ncn2C2CC(O)C(CO)O2)c(O)[nH+]1,-0.97,None
Cc1cc(C#N)cc[n+]1O,-0.67,None
Cc1cc(C#N)cc(C)[n+]1O,-0.61,None
Nc1cc(N2CCOCC2)nc(N)n1,-0.35,None
Oc1cn[nH+]c2ccccc12,-0.35,None
CCOC(=O)c1cc(C)[n+](O)c(C)c1,-0.13,None
C[n+]1ccncc1O,-0.04,None
Cc1cc(C(=O)O)cc(C)[n+]1O,-0.01,None
CCCCOC(=O)c1ccc[n+](O)c1,0.03,None
Oc1cc2ccccc2n[nH+]1,0.21,None
O=C(O)C(F)(F)F,0.23,None
Cn1cnc2c1c(O)[nH+]c([O-])[n+]2C,0.3,None
Oc1c2ccccc2[nH+]c2ccccc12,0.32,None
C[n+]1ccccc1O,0.32,None
O=C1C(=O)C(c2ccccc2)C1=O,0.37,None
Cc1cc(O)cc(C)[o+]1,0.38,None
O=C(O)c1[nH]c2ccccc2[nH+]1,0.4,None
Cc1nc2ccccc2[nH+]c1O,0.48,None
CCCCNC(O)=S,0.67,None
N#CC1C=CN(Cc2cccc(F)c2)C=C1C(N)=O,0.68,None
Cc1cnc(-c2ccccc2)c(O)[nH+]1,0.7,None
O[n+]1ccccc1,0.77,None
Sc1cc[nH+]c2ccccc12,0.77,None
Cn1c(C(=O)O)cc(=O)n(C)c1=O,0.8,None
CCSc1nccc(O)[n+]1C,0.9,None
Cc1cccc(C(=O)O)[nH+]1,0.9,None
CCNC(O)=S,0.92,None
Nc1[nH+]c2nc[nH]c2c(N)[n+]1O,1,None
C[NH+](C)c1ccc(C=Cc2cc[n+](O)cc2)cc1,1.05,None
Oc1cc[nH+]nc1,1.07,None
O=C(O)c1cc(-c2ccccc2)n[nH+]c1NCC[NH+]1CCOCC1,1.1,None
O[n+]1c2ccccc2nc2ccccc21,1.12,None
Cc1nc2c(n1C)C(=O)c1nc[nH+]c(O)c1C2=O,1.15,None
Cc1cc(O)[nH+]c(O)[nH+]1,1.2,None
O=[N+]([O-])c1cccc(S(=O)O)c1,1.21,None
O=C(O)C(=O)c1ccccc1,1.22,None
O=C(O)c1cccc[nH+]1,1.25,None
O=CC(=O)O,1.26,None
Cc1cc[n+](O)cc1,1.29,None
[NH3+]C(CC(=O)O)c1cccc[nH+]1,1.3,None
Oc1nc2ccccc2c[nH+]1,1.3,None
Nc1ccc[nH+]c1C(=O)O,1.33,None
CC(=O)C1C(=O)OC(=O)C=C1C,1.34,None
Cc1ccc(C(=O)C(=O)O)cc1C,1.36,None
O[n+]1c2ccccc2cc2ccccc21,1.37,None
C[NH+](C)c1ccccc1C(=O)O,1.4,None
O=C(O)c1ccc([N+](=O)[O-])c2cccnc12,1.41,None
O=C(O)c1c(Cl)cccc1[N+](=O)[O-],1.41,None
Cc1ccc(C)c(C(=O)C(=O)O)c1,1.45,None
CC(O)C(=O)C1=Nc2c(nc(N)[nH+]c2O)NC1,1.45,None
N#Cc1nn[nH]c1C#N,1.47,None
O=C(O)C(Cl)=NO,1.5,None
O=C(O)c1cc(=O)cco1,1.5,None
O=C(O)c1cc(=O)cc(-c2ccccc2)o1,1.51,None
C[NH+]1CSCC1C(=O)O,1.51,None
Cc1ccc(C(=O)C(=O)O)cc1,1.52,None
Oc1ccc(N=Nc2nccs2)c(O)c1,1.56,None
O=[N+]([O-])c1n[nH]c(-n2cnc(Cl)n2)n1,1.59,None
O=[N+]([O-])c1cc([N+](=O)[O-])c2nnn(O)c2c1,1.6,None
COc1nc(C)cc(O)[nH+]1,1.6,None
O=[N+]([O-])c1n[nH]c(-n2cnc(Br)n2)n1,1.63,None
CCC#CC#CC#CC(=O)O,1.67,None
[NH3+]C(Cc1ccc[nH+]c1)C(=O)O,1.69,None
CC(C)Cc1cnc(CC(C)C)c(O)[nH+]1,1.7,None
O=C(O)c1cc[nH+]cc1,1.71,None
O=S(O)c1ccccc1,1.72,None
C[n+]1ccc(C(=O)O)cc1,1.72,None
COc1cnc[nH+]c1O,1.75,None
O=C1NS(=O)(=O)c2ccccc21,1.76,None
O=C(O)c1ccc2ccccc2[nH+]1,1.79,None
O=C(O)C#CC[NH+]1CCOCC1,1.79,None
Cc1ccc(S(=O)O)cc1,1.82,None
Cn1c[nH+]cc1CC([NH3+])C(=O)O,1.84,None
Cn1cnc2c(O)[nH+]cnc21,1.86,None
O=S(O)Cc1ccccc1,1.86,None
C#CC(=O)O,1.89,None
O=S(O)CCc1ccccc1,1.89,None
Nc1nc2c(ncn2C2OC(CO)C(O)C2O)c(O)[nH+]1,1.9,None
O=C(O)c1cccc2ccc[nH+]c12,1.9,None
O=C(O)C#CBr,1.9,None
N#CC(O)=C(C#N)C#N,1.9,None
CCC#CC#CC(=O)O,1.91,None
O=C(O)C1CC(O)C[NH2+]1,1.92,None
[NH3+]C(Cc1ccccc1)c1nnn[nH]1,1.93,None
CC1SC(C)(C(=O)O)OC1=O,1.94,None
C=C(C)C1C[NH2+]C(C(=O)O)C1CC(=O)OC,1.95,None
Cc1ccc(C=CC(=O)C(=O)O)cc1,1.96,None
O=C(O)C(=O)C=Cc1ccccc1,1.97,None
CC[NH+](CC)CC(=O)O,1.98,None
C[NH+](C)CC(=O)O,1.99,None
CC1CCC2C(C)CCC(C(=O)O)[NH+]2C1,2,None
[NH3+]CCNC(=S)S,2,None
O=[N+]([O-])c1n[nH]c(-n2cncn2)n1,2,None
C[n+]1cnc2nc[nH]c2c1O,2,None
C=C(C)C1C[NH2+]C(C(=O)O)C1CC(N)=O,2.01,None
O=c1c(O)c1-c1ccccc1,2.01,None
O=C(O)c1cccc([N+](=O)[O-])c1Cl,2.02,None
COc1cc[n+](O)cc1,2.05,None
O=S(O)CCCc1ccccc1,2.05,None
Sc1cccc2ccc[nH+]c12,2.05,None
O=C(O)c1ccc([N+](=O)[O-])o1,2.06,None
O=c1c(O)c1-c1ccc(F)cc1,2.07,None
Clc1nnn[nH]1,2.07,None
Cc1cc(C(N)=O)cc(C)[n+]1O,2.08,None
N[n+]1ccccc1O,2.1,None
O=C(O)Cn1nnnc1-c1ccccc1,2.11,None
O=C(O)Cn1ncnn1,2.12,None
Oc1[nH+]cnc2ccccc12,2.12,None
Cc1cccc([N+](=O)[O-])c1C(=O)O,2.13,None
Brc1nnn[nH]1,2.13,None
Cc1nnnn1CC(=O)O,2.16,None
O=C(O)c1cc(Cl)cc([N+](=O)[O-])c1,2.17,None
[NH3+]C(Cc1n[nH]c2ccccc12)C(=O)O,2.2,None
CCCCS(=O)O,2.2,None
[NH3+]C(Cn1cccn1)C(=O)O,2.2,None
CC(C)(C)c1ccc(-c2c(O)c2=O)cc1,2.21,None
Nc1nc[nH+]c(S)c1N,2.21,None
CCC[NH2+]C(C)C(=O)O,2.21,None
C[NH2+]C(C)C(=O)O,2.22,None
CC[NH2+]C(C)C(=O)O,2.22,None
O=C1COC(=O)C1Br,2.23,None
Cc1nnn(CC(=O)O)n1,2.23,None
CC(=O)N1CS(=O)(=O)CC1C(=O)O,2.23,None
N#CC(Cc1ccccc1)C(=O)O,2.24,None
C[NH2+]CC(=O)O,2.24,None
Oc1nccc[nH+]1,2.24,None
[NH3+]C(Cc1c[nH]c[nH+]1)C(=O)NC(Cc1c[nH]c[nH+]1)C(=O)O,2.25,None
Cc1n[nH]c(C(=O)O)c1[N+](=O)[O-],2.26,None
CC1(C)OC(=O)CC2C(C(=O)O)[NH2+]CC21,2.27,None
CCS(=O)O,2.27,None
O=C(O)Cn1cnnn1,2.27,None
CN(C)c1cccc[n+]1O,2.27,None
Oc1cc[nH+]c2ccccc12,2.27,None
CC(C#N)(Cc1ccccc1)C(=O)O,2.29,None
NC(=O)CN(CC(=O)O)CC(=O)O,2.29,None
C[n+]1cccc(C(=O)O)c1,2.29,None
CC(C)(C)C(=O)C(=O)O,2.3,None
Oc1onc(-c2ccccc2)c1Br,2.3,None
O=C1COC(=O)C1I,2.31,None
CC[NH2+]CC(=O)O,2.31,None
CCC[NH2+]CC(=O)O,2.31,None
CCCC[NH2+]CC(=O)O,2.32,None
CC(C)=CCC1C(=O)C(C(=O)CC(C)C)=C(O)C1O,2.35,None
CCCS(=O)O,2.35,None
CC(C)[NH2+]CC(=O)O,2.35,None
CS(=O)O,2.35,None
CC(C#N)C(=O)O,2.37,None
O=C(O)c1cc2cc(Cn3cc[nH+]c3)ccc2o1,2.38,None
Nc1nnnn1CC(=O)O,2.38,None
O=C(c1ccccc1)c1cccc([N+](=O)[O-])c1C(=O)O,2.39,None
CC(C)([NH3+])C(=O)O,2.39,None
COC(=O)CC1C(C(=O)O)[NH2+]CC1C(C)O,2.4,None
C[n+]1cc(S)cc2ccccc21,2.4,None
Oc1cc[n+](O)cc1,2.4,None
NC1=[NH+]C(C(=O)O)C(C(O)C[NH3+])N1,2.4,None
C=C1CC1CC([NH3+])C(=O)O,2.4,None
Cc1cc(O)[nH+]c2c1CCO2,2.42,None
O=C(S)c1ccccc1,2.44,None
CC(C)C12C[NH2+]C(C(=O)O)C1CC(=O)O2,2.45,None
N#CCC(=O)O,2.46,None
[NH3+]C(CCCCN1C(=O)CC([NH3+])C1=O)C(=O)O,2.5,None
O=C(O)C1CCCC[NH2+]1,2.5,None
CC(=O)N1CS(=O)CC1C(=O)O,2.5,None
O=[N+]([O-])c1cc([N+](=O)[O-])c2cn[nH]c2c1O,2.5,None
C=CC(Cl)C(=O)O,2.54,None
CC(C)(C)CC#CC(=O)O,2.54,None
Cc1cc(C(O)=C(C#N)C#N)cc(C)c1O,2.55,None
Cc1ccc([N+](=O)[O-])c(C(=O)O)c1,2.55,None
O=C(O)CF,2.56,None
CO[n+]1ccc(O)cc1,2.57,None
Cc1cccc(Cl)c1C(=O)O,2.59,None
Cc1ccc(C(=O)S)cc1,2.59,None
CCC#CC(=O)O,2.6,None
CNc1cccc[n+]1O,2.61,None
[NH3+]CC(=O)NC(Cc1c[nH]c[nH+]1)C(=O)O,2.61,None
CC1(C)SC2C(NC(=O)Cc3ccc(O)cc3)C(=O)N2C1C(=O)O,2.62,None
[NH3+]Cc1nnn[nH]1,2.62,None
O=C(O)C12C[NH2+]CCC1O2,2.63,None
Cn1c[nH+]cc1CC(NC(=O)CC[NH3+])C(=O)O,2.64,None
Oc1[nH+]ccc2cccnc12,2.64,None
CC(C)(C)C#CC(=O)O,2.66,None
[NH3+]C1(C(=O)O)CCCCC1,2.66,None
Nc1cccc[n+]1O,2.67,None
O=C(O)c1ccc([N+](=O)[O-])s1,2.68,None
O=C(O)c1sccc1[N+](=O)[O-],2.68,None
Cc1ccc(C(=O)O)c([N+](=O)[O-])c1,2.68,None
NC(=[NH2+])NOCC(=O)O,2.69,None
O=C(O)c1cc(Cl)co1,2.69,None
CC1(CC2CCOC2)CC2C34COC(=O)CC3OC(C)(C)C4CC(=O)C2(C)C2(C1)OC2C(=O)O,2.7,None
O=C(O)c1cnccn1,2.7,None
Cc1cccc(I)c1C(=O)O,2.7,None
c1ccc(-c2nnn[nH]2)c(-c2nnn[nH]2)c1,2.71,None
O=C1CC(=O)CS(=O)(=O)C1,2.72,None
O=P1(O)CCCCC1,2.73,None
O=C(O)c1cc([N+](=O)[O-])ccc1F,2.73,None
O=C(O)c1cc2cc(Cn3cc[nH+]c3)ccc2s1,2.74,None
O=C(O)c1ccc(Cl)cc1Cl,2.74,None
CC(C)CS(=O)O,2.75,None
CC(C)CC([NH3+])C(=O)NC(Cc1c[nH]c[nH+]1)C(=O)O,2.76,None
CC1(C)SC2C(NC(=O)Cc3ccccc3)C(=O)N2C1C(=O)O,2.76,None
C=CC1(O)C[NH+]2CCC1CC2C(O)c1cc(O)[nH+]c2ccccc12,2.76,None
CCN(CC)S(=O)(=O)c1ccsc1C(=O)O,2.77,None
O=C(O)C(=O)C(c1ccccc1)c1ccccc1,2.78,None
[NH3+]CC(O)C(=O)O,2.78,None
O=C(O)CC(c1[nH]cc[nH+]1)c1[nH]cc[nH+]1,2.79,None
Cc1ccc(OCC(=O)NC2C(=O)N3C2SC(C)(C)C3C(=O)O)cc1,2.8,None
O=C(O)c1ccnnc1,2.8,None
CC[NH+](CC)Cc1cc([N+](=O)[O-])c2ccccc2c1O,2.82,None
OCCNC(=S)S,2.82,None
CC(C)C(Br)C(=O)O,2.82,None
O=C(O)c1cc([N+](=O)[O-])cs1,2.83,None
Cc1ccc(Sc2ccc([N+](=O)[O-])cc2C(=O)O)cc1,2.84,None
CCC=CCC(=O)NC1C(=O)N2C1SC(C)(C)C2C(=O)O,2.84,None
CS(=O)(=O)c1ccc(NS(=O)(=O)C(F)(F)F)cc1,2.84,None
O=C(O)c1cc2ccccc2o1,2.84,None
O=C(OC1OC(C(=O)O)C(O)C(O)C1O)c1ccccc1,2.85,None
COCCNC(=S)S,2.85,None
O=C(O)c1ncccn1,2.85,None
CCn1nnnc1CC(=O)O,2.85,None
Oc1cc[nH+]c2cccnc12,2.85,None
Ic1nnn[nH]1,2.85,None
O=C(O)c1cc([N+](=O)[O-])ccc1C(=O)c1ccccc1,2.86,None
O=C(O)c1cc[n+]([O-])cc1,2.86,None
O=C(O)c1cccc([N+](=O)[O-])c1C(=O)c1ccccc1,2.87,None
CN(C)C(=S)OCC(=O)O,2.87,None
CC(Cl)C(=O)O,2.88,None
O=C1Cc2c1cc([N+](=O)[O-])c(O)c2Br,2.88,None
O=C(O)COc1ccc([N+](=O)[O-])cc1,2.89,None
Cc1cccc(C(=O)O)c1Br,2.9,None
O=C(O)COc1ccccc1[N+](=O)[O-],2.9,None
O=C(O)CC1[NH2+]Nc2ccccc21,2.9,None
[NH3+]CC(=O)NCC(=O)NCC(=O)N1CCCC1C(=O)O,2.91,None
COc1cc2c(O)cc(C)[nH+]c2c2c(C)c(C)oc12,2.91,None
Cc1cccc(C(=O)O)c1[N+](=O)[O-],2.91,None
O=C(O)C1(O)c2ccccc2-c2ccccc21,2.92,None
Cc1cccc(C(=O)O)c1I,2.92,None
O=C(O)c1ccccc1Br,2.93,None
O=C(O)c1ccc(I)o1,2.94,None
CC(=O)N1CSCC1C(=O)O,2.94,None
CC(=O)NC(Cc1c[nH]c[nH+]1)C(=O)O,2.94,None
CC1(C(=O)O)CCC=[N+]1[O-],2.95,None
[NH3+]CC(=O)N1CCCC1C(=O)O,2.95,None
S=C(S)NC1CCCCC1,2.95,None
O=C(O)c1ccccc1Cl,2.95,None
Cc1ccc(I)c(C(=O)O)c1,2.95,None
CCN(CC)S(=O)(=O)c1ccccc1C(=O)O,2.96,None
Nc1c[nH+]c(S)nc1N,2.96,None
[NH3+]c1cccc(OC2OC(C(=O)O)C(O)C(O)C2O)c1,2.97,None
CC(Br)C(=O)O,2.97,None
S=C(S)N1CCCC1,2.97,None
CSC(=S)N(C)CC(=O)O,2.98,None
O=[N+]([O-])c1ccccc1-c1nnn[nH]1,2.98,None
Cc1c(C(=O)O)cccc1[N+](=O)[O-],2.98,None
O=C(O)c1cncs1,2.99,None
O=C(O)C(O)Cc1c[nH]c[nH+]1,2.99,None
C[n+]1c2ccccc2nc2ccc(O)cc21,3,None
O=C(O)c1c2ccccc2[nH+]c2ccccc12,3,None
O=C(O)C1OC(Oc2ccc3[nH+]cccc3c2)C(O)C(O)C1O,3,None
O=C(O)C1OC(Oc2c[nH+]c3ccccc3c2)C(O)C(O)C1O,3,None
O=[N+]([O-])c1cc(C[NH+]2CCOCC2)c(O)c2ccccc12,3,None
O=C(O)c1cnc(Cl)s1,3,None
O=C1CC(=O)C(=O)C1,3,None
NC(=O)C1CC(=O)NC1C(=O)O,3,None
CC(=O)c1ccc(C(=O)O)s1,3,None
Cc1cccc(C(=O)O)c1Cl,3,None
O=C(O)C1OC(Oc2cccc3ccc[nH+]c23)C(O)C(O)C1O,3.01,None
CN(C)C(=O)OCC(=O)O,3.01,None
Cc1cnc(C(=O)O)s1,3.03,None
O=C(O)C(O)c1cccc([N+](=O)[O-])c1,3.03,None
CC(C)=C(C#N)C(=O)O,3.04,None
[NH3+]C(CCc1ccc([N+](=O)[O-])cc1)C(=O)O,3.05,None
O=C(O)C(O)(c1ccccc1)c1ccccc1,3.05,None
CC(C)CCC([NH3+])C(=O)O,3.06,None
N#CC(=CC(=O)O)c1ccccc1,3.07,None
O=P1(O)CCC1,3.07,None
Cn1cnc2c(O)[nH+]c(N)nc21,3.07,None
CP(C)(=O)O,3.08,None
O=[N+]([O-])c1ccc(-c2nnn[nH]2)cc1,3.08,None
CC(=O)CC(=O)O,3.09,None
[NH3+]c1cccc(C(=O)O)c1,3.09,None
Cc1ccc(C(=O)O)c(Br)c1,3.09,None
O=C(O)C#COc1ccccc1,3.09,None
[NH3+]c1ccc(OC2OC(C(=O)O)C(O)C(O)C2O)cc1,3.1,None
CC1(C)SC2C(C(=O)[O-])[NH+]=C(CCCC([NH3+])C(=O)[O-])N2C1C(=O)O,3.1,None
O=C(O)C1OC(Oc2cccc3[nH+]cccc23)C(O)C(O)C1O,3.1,None
CC(C)NC(=S)S,3.1,None
CCNc1cc[nH+]c(S)n1,3.1,None
Cc1c(Cl)c([N+](=O)[O-])cc2c1nnn2O,3.1,None
CC1(C)CC(=O)C(Br)C(=O)C1,3.1,None
O=C(O)c1cc2ccccc2s1,3.1,None
O=C(O)Cc1nnnn1-c1ccccc1,3.1,None
C[N+](C)(C)NC(=O)c1ccc([N+](=O)[O-])cc1,3.11,None
Cc1ccc2ccccc2c1C(=O)O,3.11,None
O=C(O)c1cc(Br)cs1,3.11,None
O=C1CC(=O)CS(=O)C1,3.12,None
Cc1ccc(Cl)c(C(=O)O)c1,3.12,None
COc1c(C)cc2c(c1C(=O)O)COC2,3.13,None
CS(=O)(=O)Nc1ccc(CC([NH3+])C(=O)O)cc1,3.15,None
Nc1nc2c(ncn2C2C=CC(CO)C2)c(O)[nH+]1,3.15,None
O=C(O)C1COCCO1,3.15,None
O=C(O)COc1ccccc1,3.15,None
Cc1ccc(OCC(=O)O)cc1,3.15,None
C[N+](C)(C)NC(=O)c1cccc([N+](=O)[O-])c1,3.16,None
O=C(O)CI,3.16,None
CC(=O)N(C)CC(=O)O,3.16,None
Cc1c([N+](=O)[O-])cc(Cl)c2nnn(O)c12,3.17,None
Cc1ccccc1OCC(=O)O,3.17,None
O=C(O)c1ccco1,3.18,None
O=C(O)CSc1ccccc1[N+](=O)[O-],3.18,None
O=C1C=C(O)C(=O)c2ccccc21,3.19,None
CSC(=S)NCC(=O)O,3.19,None
CC(=O)N1CC2(C(C)C)OC(=O)CC2C1C(=O)O,3.2,None
CCCCNc1cc[nH+]c(S)n1,3.2,None
O=C(O)c1cccc(=O)cc1,3.2,None
Cc1ccc(C(=O)O)c(I)c1,3.2,None
Cc1cc(-c2c(C)noc2O)on1,3.2,None
Cc1cccc([NH3+])c1C(=O)O,3.2,None
CC(I)C(=O)O,3.21,None
Cc1c(Cl)cc2nnn(O)c2c1[N+](=O)[O-],3.21,None
C[n+]1cccc2c(S)cccc21,3.22,None
N#Cc1ccc(OC2OC(C(=O)O)C(O)C(O)C2O)cc1,3.22,None
CCP(=O)(O)CC,3.22,None
CC=C(Cl)C(=O)O,3.22,None
CCCCCP(=O)(O)CCCCC,3.23,None
CNC(=O)C=C(C)C(=O)O,3.23,None
CC#CC#CCC(=O)O,3.23,None
O=C(O)C12CC3(F)CC(F)(CC(F)(C3)C1)C2,3.24,None
CCCCCCP(=O)(O)CCCCCC,3.24,None
O=C(O)c1csc([N+](=O)[O-])c1,3.24,None
CCC(C)CC([NH3+])C(=O)O,3.25,None
O=[N+]([O-])c1cccc(-c2nnn[nH]2)c1,3.25,None
CC(C)CP(=O)(O)CC(C)C,3.25,None
CC(C)CCP(=O)(O)CCC(C)C,3.26,None
Cc1ncc(C(=O)O)s1,3.26,None
O=C(O)c1ccc(=O)oc1,3.26,None
CC(=O)c1c(C(=O)O)cccc1[N+](=O)[O-],3.26,None
Cc1ccc(C(=O)O)c(Cl)c1,3.27,None
CC(=O)c1ccc([N+](=O)[O-])cc1C(=O)O,3.27,None
O=C(O)c1csc(Br)n1,3.28,None
O=C(O)[c+]1cccccc1,3.29,None
[NH3+]c1ccccc1OC1OC(C(=O)O)C(O)C(O)C1O,3.3,None
Oc1onc2c1CC[NH+](Cc1ccccc1)CC2,3.3,None
O=C(O)c1csc(Cl)n1,3.3,None
O=C(O)c1ccc(Br)s1,3.3,None
O=C(O)Cn1cccc1,3.3,None
Oc1onc2c1CC[NH2+]CC2,3.3,None
CC1CCCC(C(=O)O)c2nnnn21,3.3,None
Cc1cc2ccccc2c(C(=O)O)c1C,3.33,None
CCCP(=O)(O)CCC,3.33,None
O=C(O)c1ccc(Cl)c([N+](=O)[O-])c1,3.33,None
O=C(O)C=CC(=O)c1ccccc1,3.34,None
CN(C)C(=S)SCC(=O)O,3.34,None
Cc1cccc(O)c1C(=O)O,3.35,None
Cc1c(Br)cccc1C(=O)O,3.36,None
Cc1ccccc1OC(C)C(=O)O,3.37,None
CCC(CC)C(=O)OC1OC(C(=O)O)C(O)C(O)C1O,3.37,None
O=C(O)C1CCc2ccccc2O1,3.38,None
CCc1ccc(C(=O)C=CC(=O)O)cc1,3.38,None
CC(O)(c1ccccc1)C(C(=O)O)c1ccc(-c2ccccc2)cc1,3.38,None
O=C(O)C1CC[NH2+]C1,3.38,None
c1cc(-c2nn[nH]n2)cc(-c2nnn[nH]2)c1,3.38,None
O=C(O)c1cnoc1,3.39,None
O=C(O)Cn1ccc2ccccc21,3.4,None
CC(C)c1ccc(C(=O)C=CC(=O)O)cc1,3.4,None
O=[N+]([O-])c1ccc(S)c([N+](=O)[O-])c1,3.4,None
O=C(O)CSc1cccc([N+](=O)[O-])c1,3.4,None
C=C(SC1CCCCC1)C(=O)O,3.4,None
CC(C)CN(CC(C)C)C(=S)S,3.4,None
CCC(C)(O)C(C(=O)O)c1ccc(-c2ccccc2)cc1,3.41,None
O=C(O)c1ccc(Cl)s1,3.41,None
C=CC#CCC(=O)O,3.41,None
CC(C)(C)c1ccc(C(=O)C=CC(=O)O)cc1,3.42,None
Cc1ccc(C(=O)O)o1,3.42,None
C=C(C)C(C)(C(N)=O)C(=O)O,3.42,None
CCC(Oc1ccccc1C)C(=O)O,3.43,None
O=C(O)c1ccc[se]1,3.43,None
O=C(O)c1ccc([N+](=O)[O-])cc1,3.43,None
Cc1c(Cl)cccc1C(=O)O,3.43,None
C[N+]1(CCC(=O)O)CCCCC1,3.43,None
O=C(O)CC#Cc1ccccc1,3.44,None
Cc1ccc(C(=O)C=CC(=O)O)cc1,3.44,None
Cc1cc(C(C)(C)C)cc(C)c1C(=O)O,3.44,None
Cn1nnc(CC(=O)O)n1,3.44,None
N#CC(C#N)=C(C#N)Nc1cccc([N+](=O)[O-])c1,3.45,None
CC1CCC(O)(C(C(=O)O)c2ccc(-c3ccccc3)cc2)CC1,3.45,None
O=C(O)C[Se]c1ccccc1[N+](=O)[O-],3.45,None
O=C(O)c1ccccc1-c1ccccc1,3.46,None
O=C(O)c1cccs1,3.46,None
Cc1ccccc1SCC(=O)O,3.46,None
COc1cccc(C)c1C(=O)O,3.46,None
O=P(O)(C1CCCCC1)C1CCCCC1,3.47,None
O=C(O)c1cccc([N+](=O)[O-])c1,3.47,None
CC(C)C(C(=O)O)N1CC(NC(=O)Cc2ccccc2)C1=O,3.48,None
O=Cc1cc([N+](=O)[O-])cc(Br)c1O,3.48,None
CC(C)(C)OOCC(=O)O,3.49,None
[NH3+]c1ccc(CC(=O)O)cc1,3.49,None
O=C(O)CSC=Cc1ccccc1,3.5,None
O=[N+]([O-])c1cc(Cl)ccc1O,3.5,None
Cn1cc([NH3+])cc1C(=O)O,3.5,None
NC(=O)c1c(CC(=O)O)n[nH]c1N,3.5,None
CCC1C(=O)C(CC)C1=O,3.5,None
O=S(=O)(Nc1cccc(C(F)(F)F)c1)C(F)(F)F,3.5,None
O=C1OC2C3CC4C2C4(C(=O)O)C13Br,3.5,None
O=C(O)C1CC1(Cl)Cl,3.51,None
NC(=O)C#CC#CC=CC(=O)O,3.52,None
O=C(O)CSc1ccccc1,3.52,None
CC(C)(C)c1ccccc1C(=O)O,3.53,None
O=C(O)c1ccccc1Oc1ccccc1,3.53,None
COCC(=O)O,3.53,None
NS(=O)(=O)c1ccc(C(=O)O)cc1,3.53,None
N#Cc1ccc(-c2nnn[nH]2)cc1,3.53,None
N#Cc1ccc(C(=O)O)cc1,3.53,None
O=C(O)c1ccccc1C(=O)c1ccccc1,3.54,None
Cc1ncsc1C(=O)O,3.54,None
O=C(O)c1cccc[n+]1[O-],3.54,None
O=C(O)Cn1c2ccccc2c2ccccc21,3.55,None
CCCCCCCCCCCC[NH2+]CCC(=O)O,3.55,None
COC1OC(C(=O)O)C(O)C(O)C1O,3.55,None
O=C(O)C[Se]c1cccc([N+](=O)[O-])c1,3.55,None
CCCCCCCC[NH2+]CCC(=O)O,3.56,None
CC(C)P(=O)(O)C(C)C,3.56,None
O=C(O)C1CC1(Br)Br,3.57,None
Nc1nc[nH+]c(O)c1N,3.57,None
Cn1cnc2nc(N)[nH+]c(O)c21,3.57,None
Cc1ccc(SCC(=O)O)cc1,3.57,None
Cn1c(=O)c2[nH]c([N+](=O)[O-])nc2n(C)c1=O,3.58,None
Cc1ccc(Br)cc1C(=O)O,3.58,None
O=C(O)C(c1ccc(-c2ccccc2)cc1)C1(O)CCCCC1,3.59,None
[NH3+]CCC(=O)O,3.59,None
[NH3+]C1CCCCC1C(=O)O,3.59,None
O=C(O)c1ccccc1OC1OC(CO)C(O)C(O)C1O,3.6,None
CC1(C)CC(=O)C2=C(C1)NC1=C(C2)C(=O)CC(C)(C)C1,3.6,None
CC#CCC(=O)O,3.6,None
O=C(O)c1ccccc1F,3.6,None
CC(NC(=O)C1CCC(=O)N1)C(=O)O,3.6,None
N#Cc1cccc(C(=O)O)c1,3.6,None
CCOCC(=O)O,3.61,None
CC[NH2+]CCC(=O)O,3.61,None
Clc1cccc(-c2nnn[nH]2)c1,3.61,None
CCCCCC[NH2+]CCC(=O)O,3.61,None
Cc1ccc(I)cc1C(=O)O,3.62,None
Cc1ccc(C(=O)O)cc1[N+](=O)[O-],3.62,None
O=C(O)c1ccc(-c2nnn[nH]2)cc1,3.63,None
Cc1ccc(Cl)cc1C(=O)O,3.63,None
CC(C)c1ccccc1C(=O)O,3.64,None
O=C(O)c1cscn1,3.64,None
CC(C)c1csc(C(=O)O)c1,3.64,None
O=C(O)c1c2ccccc2cc2ccccc12,3.65,None
Cc1cc(C(=O)O)ccc1[N+](=O)[O-],3.65,None
CC1(C)CC(=O)C(C=O)C(=O)C1,3.65,None
CC(C)(C)OC(=O)NC(CCC(N)=O)C(=O)O,3.66,None
CC(NC(=O)C(CCC(N)=O)NC(=O)C1CCC(=O)N1)C(=O)O,3.67,None
CSCC(=O)O,3.67,None
N#CO,3.67,None
O=CO,3.69,None
O=C(O)C=C=Cc1ccccc1,3.7,None
COc1c(C(=O)O)oc2ccccc12,3.7,None
CC(C)(C(=O)O)c1nnnn1C1CCCCC1,3.7,None
O=C(O)c1cccc2ccccc12,3.7,None
O=C(O)c1cccc2cc3ccccc3cc12,3.7,None
O=C(O)c1csc(Br)c1,3.7,None
O=[N+]([O-])c1cc(Br)c(O)c(Br)c1,3.7,None
O=[N+]([O-])c1cc(Cl)c(O)c(Cl)c1,3.7,None
CCC(=O)c1nc(C(=O)O)cs1,3.7,None
CC(=O)S,3.71,None
CN(C)C(=S)NCC(=O)O,3.71,None
CC(C)SCC(=O)O,3.72,None
O=C(O)Cc1ccco1,3.72,None
COc1cccc(C(=O)O)c1C,3.72,None
CCOc1cccc(C(=O)O)c1C,3.73,None
Brc1ccc(-c2nnn[nH]2)cc1,3.73,None
O=C(O)c1cccccc1=O,3.73,None
O=C(O)CSCc1ccccc1,3.73,None
O=C(O)c1cccc(-c2nnn[nH]2)c1,3.74,None
Cc1cc(Cl)ccc1C(=O)O,3.75,None
O=C(O)C[Se]c1ccccc1,3.75,None
CC(=O)c1cccc(NS(=O)(=O)C(F)(F)F)c1,3.75,None
CC12CCC(C(C(=O)O)C1=O)C2(C)C,3.76,None
CC(C)(C)OC(=O)NS(=O)(=O)c1ccc(S(C)(=O)=O)cc1,3.76,None
CC(C)(O)C(C(=O)O)c1ccc(-c2ccccc2)cc1,3.76,None
CC(C)(O)C(C(=O)O)c1ccc(C2CCCCC2)cc1,3.76,None
O=C1COC(=O)C1,3.76,None
CSC(C)C(=O)O,3.76,None
Cc1ccc(C(=O)O)s1,3.76,None
Cc1cc(Br)ccc1C(=O)O,3.77,None
O=C(O)CSc1ccc(S)cc1,3.77,None
CC(C)SC(C)C(=O)O,3.78,None
N#CC(CC(=O)O)c1ccccc1,3.79,None
O=C(O)c1cccc(Br)c1,3.79,None
Cc1cc(I)ccc1C(=O)O,3.79,None
Cc1ccccc1[Se]CC(=O)O,3.79,None
O=C(O)c1cc2ccccc2[nH]1,3.79,None
O=C(O)CSCCc1ccccc1,3.8,None
CCOCCn1c(CN2CC[NH+](CCCCn3cc(C(=O)O)cn3)CC2)[nH+]c2ccccc21,3.8,None
CCSC(C)C(=O)O,3.8,None
O=C(O)c1csc(Cl)c1,3.8,None
C[N+](C)(C)CC(O)CC(=O)O,3.8,None
O=C(O)c1cccc(Cl)c1,3.8,None
CC(=O)c1ccc(CC(=O)O)s1,3.8,None
COc1cc2ccccc2cc1C(=O)O,3.82,None
Cc1c(Cn2cc[nH+]c2)sc2ccc(C(=O)O)cc12,3.82,None
CCCSC(C)C(=O)O,3.82,None
Cc1c[n+](C2CC(O)C(CO)O2)c(O)nc1NCCc1ccccc1,3.83,None
[NH3+]CCC=CC(=O)O,3.83,None
Brc1ccccc1-c1nnn[nH]1,3.83,None
Cc1c(O)cccc1C(=O)O,3.83,None
O=C(O)c1cc[nH]n1,3.84,None
O=C(O)C1CCCCO1,3.84,None
COc1ccc(C)c(C(=O)O)c1,3.84,None
COc1c(C)cccc1C(=O)O,3.84,None
CC(=O)c1cccc(C(=O)O)c1,3.84,None
O=C(O)Cc1cccs1,3.85,None
CNc1cc[n+](O)cc1,3.85,None
COCc1ccccc1C(=O)O,3.85,None
CCC(C(=O)O)C(=O)N1CCCCC1,3.86,None
O=C(O)CCBr,3.86,None
N#CC1CCCCC1C(=O)O,3.86,None
O=C(O)C1(O)CCC1,3.88,None
Ic1ccc(-c2nnn[nH]2)cc1,3.88,None
CC(C)C(OC1OC(C(=O)O)C(O)C(O)C1O)C(C)C,3.89,None
O=C(O)Cc1ccc(Cl)s1,3.89,None
CSc1ccccc1C(=O)O,3.89,None
ONc1cc[n+](O)c2ccccc12,3.89,None
CC1OC([n+]2ccc(N)nc2O)CCC1OC1OC(C)C([NH+](C)C)C(O)C1O,3.9,None
On1nnc2c(Cl)cccc21,3.9,None
CN(C)c1cc[n+](O)cc1,3.9,None
O=C(O)c1cccc(F)c1,3.9,None
O=C(O)c1cccc(C=C[N+](=O)[O-])c1,3.9,None
N#CC(CC(=O)O)Cc1ccccc1,3.91,None
COc1cccc(-c2nnn[nH]2)c1,3.91,None
N#CCCC(C(=O)O)c1ccccc1,3.92,None
CC[NH2+]CCCC(=O)O,3.92,None
Cc1ccc(O)cc1C(=O)O,3.92,None
O=C(O)CC1NC(=O)CNC1=O,3.93,None
C[NH+]1C2CC=C(C(=O)O)C1CC2,3.93,None
O=C(O)c1ccoc1,3.94,None
O=C(O)c1ccc(C=C[N+](=O)[O-])cc1,3.94,None
CC(C)(C(=O)O)C(C#N)c1ccccc1,3.95,None
CCN(CC)C(=S)S,3.95,None
CC(C#N)CC(=O)O,3.95,None
CC(C)=C(C(N)=O)C(=O)O,3.95,None
O=C(O)C12CCC(C1)C2,3.96,None
O=C(O)c1cccc(S)c1,3.96,None
Cc1ccc(C(=O)O)cc1Br,3.96,None
CC(C#N)C(C)(C)C(=O)O,3.97,None
On1nnc2ccc(C(F)(F)F)cc21,3.97,None
Cc1ccc(C)c(C(=O)O)c1,3.97,None
CNC(=O)C=CC(=O)O,3.98,None
O=C(O)c1ccc(Cl)cc1,3.98,None
O=C1Cc2c1ccc(O)c2[N+](=O)[O-],3.98,None
[NH3+]CCc1nnn[nH]1,3.99,None
Cc1cc(C(=O)O)n[nH]1,3.99,None
O=C(O)c1ccc(Br)cc1,3.99,None
Cc1cc(C)c(C(C(=O)O)c2ccccc2)c(C)c1,4,None
O=C(O)CCc1c[nH]c[nH+]1,4,None
CCCC(O)C(C(=O)O)c1ccc(-c2ccccc2)cc1,4.01,None
Nc1nc(O)cc[nH+]1,4.01,None
Oc1cc(-c2ccccc2)no1,4.01,None
C[N+](C)(C)CCCC(=O)O,4.02,None
C[NH2+]CCCC(=O)O,4.03,None
Cc1cc(C(=O)O)ccc1Br,4.03,None
CNc1nc(O)[n+](C2CC(O)C(CO)O2)cc1C,4.04,None
O=C(O)CCCl,4.04,None
Oc1cc[nH+]cc1,4.04,None
CC(C)(C#N)CC(=O)O,4.04,None
O=C(O)C1(O)CCCCCC1,4.04,None
[NH3+]CC#CC#CCCC(=O)O,4.05,None
[NH3+]CCCC(=O)O,4.06,None
Cc1ccc(C(=O)O)cc1Cl,4.06,None
NC(=O)Cc1ccc(C(=O)O)cc1,4.06,None
O=C(O)CP,4.07,None
O=C(O)Cc1ccoc1,4.07,None
Cc1cc(C(=O)O)ccc1Cl,4.07,None
Cc1c(Cn2cc[nH+]c2)n(C)c2ccc(C(=O)O)cc12,4.08,None
O=C(O)C1CC1Br,4.09,None
Cc1c(Cl)ccc2c1nnn2O,4.09,None
Cc1ccccc1-c1nnn[nH]1,4.09,None
CCOC(=O)c1c[nH+]c2cc([N+](=O)[O-])ccc2c1O,4.1,None
CCC([N+](=O)[O-])=[N+]([O-])O,4.1,None
O=c1cc(O)c2ccccc2o1,4.1,None
C[N+]1(CCCC(=O)O)CCCCC1,4.11,None
O=C(O)C1(O)CCCC1,4.11,None
[NH3+]CCCC#CC#CCCC(=O)O,4.12,None
[NH3+]CCC#CC#CCCC(=O)O,4.12,None
CC(C)C(O)C(C(=O)O)c1ccc(-c2ccccc2)cc1,4.13,None
CC([NH3+])CCC(=O)O,4.13,None
COc1cc(C(=O)O)ccc1C,4.13,None
O=C(O)C=CCCl,4.14,None
CC(C)Oc1cccc(C(=O)O)c1,4.15,None
CC(P)C(=O)O,4.15,None
On1nnc2ccc(Cl)cc21,4.15,None
Cc1cccc(-c2nnn[nH]2)c1,4.15,None
CC(=O)c1ccccc1C(=O)O,4.15,None
Cc1noc(NS(=O)(=O)c2ccc(N)cc2)c1C,4.16,None
CCC(O)C(C(=O)O)c1ccc(-c2ccccc2)cc1,4.16,None
O=C(O)c1ccc(F)cc1,4.16,None
[NH3+]CCCCCC#CC#CCCC(=O)O,4.17,None
Cc1cccc(C(O)C(C(=O)O)c2ccc(-c3ccccc3)cc2)c1,4.17,None
O=C(O)c1ccc2cc3ccccc3cc2c1,4.18,None
Cc1ccc(C(O)C(C(=O)O)c2ccc(C3CCCCC3)cc2)cc1,4.18,None
On1nnc2cc(Cl)ccc21,4.18,None
O=C(O)c1ccc(CO)cc1,4.18,None
Cc1ccc(C(=O)O)c(C)c1,4.18,None
COCc1ccc(C(=O)O)cc1,4.18,None
O=C(O)c1coc2ccccc12,4.18,None
O=C(O)C(c1ccc(-c2ccccc2)cc1)C(O)C1CCCCC1,4.19,None
Cc1ccccc1C(O)C(C(=O)O)c1ccc(-c2ccccc2)cc1,4.19,None
CCc1cc(C(=O)O)cs1,4.19,None
Cc1cc([N+](=O)[O-])c(C(C)C)cc1O,4.2,None
Cc1cccc2oc(=O)cc(O)c12,4.2,None
N#CC(C#N)=C(C#N)Nc1ccc(C(=O)O)cc1,4.2,None
CC(C(=O)O)c1cccc(C(=O)c2ccccc2)c1,4.2,None
O=S1(=O)OC(c2cc(Br)c(O)c(Br)c2)(c2cc(Br)c(O)c(Br)c2)c2ccccc21,4.2,None
CC#CC=CC(=O)O,4.2,None
CC1(C)CC(=O)CC1=O,4.2,None
CC1(C)C(=O)CC(=O)CC1=O,4.2,None
COc1cc(C(=O)O)cc(OC)c1O,4.2,None
[NH3+]CCCCCCC#CC#CCCC(=O)O,4.21,None
Cc1ccc(S(=O)(=O)NC(=O)OCc2ccccc2)cc1,4.21,None
O=C(O)C12CC3CC(CC(F)(C3)C1)C2,4.22,None
CC(C(=O)O)c1ccc(-c2ccccc2)c(F)c1,4.22,None
NC(=O)C(CC(=O)O)c1ccccc1,4.23,None
O=C(O)CCP,4.23,None
OCC[NH+](CCc1nnn[nH]1)CCc1nnn[nH]1,4.23,None
CSc1ccc(C(=O)O)cc1,4.23,None
O=C(O)C(CO)c1ccccc1,4.23,None
CCCOc1ccccc1C(=O)O,4.24,None
C[Si](C)(C)c1cccc(C(=O)O)c1,4.24,None
O=C(O)Cc1cccc2ccccc12,4.24,None
O=C(O)C(c1ccc(C2CCCCC2)cc1)C(O)c1ccccc1,4.24,None
Cc1cc(C(=O)O)cs1,4.24,None
CC(C)(C)P(=O)(O)C(C)(C)C,4.24,None
O=C(O)c1csc2ccccc12,4.24,None
O=C(O)C(c1ccc(-c2ccccc2)cc1)C(O)c1ccccc1,4.19,None
C=CC(=O)O,4.25,None
O=C(O)C1CCCOC1,4.25,None
O=C(O)Cc1ccc2ccccc2c1,4.26,None
[NH3+]CCCCC(=O)O,4.26,None
O=C(O)CCCc1c[nH]c[nH+]1,4.26,None
C[Si](C)(C)c1ccc(C(=O)O)cc1,4.27,None
O=C(O)c1[nH]c[nH+]c1C(=O)[O-],4.27,None
O=C(O)Cc1ccccc1,4.27,None
N#CC(C#N)=C(O)c1ccc(N)cc1,4.28,None
CC=CCC(=O)O,4.28,None
Oc1ccc(-c2nnn[nH]2)cc1,4.28,None
C[N+](C)(C)N=C(O)c1ccccc1,4.29,None
O=C(O)C(c1ccc(-c2ccccc2)cc1)C(O)Cc1ccccc1,4.29,None
CCC1C(=O)COC1=O,4.29,None
CC(O)C(C(=O)O)c1ccc(-c2ccccc2)cc1,4.3,None
CCC1OC(=O)C(C)C(O)C(C)C(OC2OC(C)CC([N+](C)(C)O)C2O)C2(C)CC(C)C3(OC1(C)C=C3C)O2,4.3,None
NC(=O)C(CCC(=O)O)NC=O,4.3,None
Cc1cc(C)cc(C(=O)O)c1,4.3,None
CC(=O)N1CCc2noc(O)c2CC1,4.3,None
CC(C)c1ccc(C(=O)O)cc1,4.31,None
O=C(O)C=Cc1ccoc1,4.31,None
O=C(O)CSC(c1ccccc1)(c1ccccc1)c1ccccc1,4.32,None
Cc1ccc(C(=O)O)cc1O,4.32,None
Cc1c(C(=O)O)[nH]c2ccccc12,4.33,None
C[N+]1(CCCCC(=O)O)CCCCC1,4.33,None
C=CCC(=O)O,4.33,None
O=C(O)CCc1cccs1,4.34,None
CCOC(=O)C1(CCC(=O)O)CCC(=O)NC1=O,4.35,None
O=C1C(O)=C(c2ccccc2)C(=O)c2ccccc21,4.35,None
COc1ccc(C(=O)O)cc1C,4.35,None
C[N+](C)(C)c1cc([N+](=O)[O-])ccc1O,4.35,None
CC(C)(C)c1ccc(C(=O)O)cc1,4.36,None
CC(C)(C)OOCCC(=O)O,4.36,None
Oc1ccccc1-c1nnn[nH]1,4.36,None
O=C(O)CCc1ccco1,4.36,None
[NH3+]CCCCCC(=O)O,4.37,None
Cc1cc(N(C)C)cc[n+]1O,4.37,None
Cc1ccc(C(=O)O)cc1,4.37,None
c1ccc(CCNc2ncnc3[nH]ncc23)cc1,4.38,None
COc1cc(C)ccc1C(=O)O,4.38,None
O=C(O)Cc1c[nH]c2ccccc12,4.39,None
CC1=C(C)C(C(C)C(=O)O)CC1=O,4.4,None
Cc1c[n+](C2CC(O)C(CO)O2)c(O)nc1N,4.4,None
N#CC(CCC(=O)O)c1ccccc1,4.4,None
CC(C)(C)C1CCn2nnnc2C(C(=O)O)C1,4.4,None
C=C(C)C=C(C(=O)O)c1ccc([N+](=O)[O-])cc1,4.4,None
O=C1OCC(O)=C1O,4.4,None
O=C(O)CC(O)c1ccccc1,4.4,None
CC(=O)C1CC=CCC1C(=O)O,4.4,None
O=C(O)C1=CC=CC=CC=C1,4.4,None
O=C(O)C1CC1c1cccc([N+](=O)[O-])c1,4.41,None
Cc1ccc(C(=O)O)cc1C,4.41,None
O=C(O)c1ccc(C2CC2)cc1,4.42,None
C[N+]1(CCCCCC(=O)O)CCCCC1,4.44,None
O=C(O)c1ccc(OCc2ccccc2)cc1,4.44,None
O=C1C(O)=C(C=Cc2ccccc2)C(=O)c2ccccc21,4.44,None
O=C(O)CCc1ccoc1,4.44,None
C=CCOc1ccc(C(=O)O)cc1,4.45,None
COC1=CC2CCC1(C(=O)O)CC2,4.45,None
N#CC(C#N)=C(C#N)Nc1ccc(Br)cc1,4.45,None
Cn1cnc2c1NC=NS2(=O)=O,4.45,None
COc1ccc(C(=O)O)cc1,4.45,None
O=C(O)Cc1ccc(-c2ccccc2)cc1,4.46,None
O=C(O)CCC(=O)c1ccc(-c2ccccc2)cc1,4.46,None
O=Cc1cc(Cl)cc([N+](=O)[O-])c1O,4.46,None
O=C(O)c1ccc(N=Cc2ccccc2)cc1,4.47,None
CCCCOc1ccc(C(=O)O)cc1,4.48,None
O=C(O)CCC(=O)c1cccc2ccccc12,4.48,None
CCCCCOc1ccc(C(=O)O)cc1,4.49,None
COc1cc(OC)c2c(c1Cl)OC1(C(=O)CC(=O)CC1C)C2=O,4.49,None
Nc1nc(N)[nH+]c(O)n1,4.5,None
CC(O)CC(=O)O,4.5,None
CCCCC=[N+]([O-])O,4.5,None
COCC1=C(C(=O)O)CCC1,4.5,None
[NH3+]CCCCCCCC(=O)O,4.5,None
O=C(O)C1CC1c1cccc(Cl)c1,4.51,None
Nc1nc(O)[nH+]c2nc[nH]c12,4.51,None
Cn1cccc1C(=O)O,4.51,None
O=C(O)c1ccc(Oc2ccccc2)cc1,4.52,None
Clc1c(Cl)c(Cl)c2[nH]nnc2c1Cl,4.52,None
O=C(O)C1CC1c1ccc(Cl)cc1,4.53,None
CC(=O)Nc1nnn[nH]1,4.53,None
O=C(O)CCCP,4.53,None
[NH3+]CCCCCCCCC(=O)O,4.53,None
[NH3+]C1CONC1=O,4.54,None
Cc1[nH]c(C(=O)[O-])c(C(=O)O)[nH+]1,4.54,None
O=C(O)C1=C(CO)CCC1,4.54,None
COc1ccc(C(=O)O)c(C)c1,4.54,None
O=C(O)CCc1ccc([N+](=O)[O-])cc1,4.54,None
Nc1ccc(-c2nnn[nH]2)cc1,4.55,None
C=C=C(C)C(C)(C)C(=O)O,4.55,None
Cc1ccc(C=CC(=O)O)cc1,4.56,None
O=Cc1ccccc1C(=O)O,4.56,None
[NH3+]CCCCCCCCCC(=O)O,4.57,None
CC(C)Cc1ccc(C(C)C(=O)O)cc1,4.57,None
O=CCC=O,4.57,None
Cc1nn(-c2ccccc2)cc1C(=O)O,4.58,None
C#CCCCCC(=O)O,4.58,None
O=C(O)C1C2C=CC1CC2,4.58,None
COCC1=C(C(=O)O)C2C=CC1C2,4.59,None
CC1CCCC(C(C)C(=O)O)C1,4.59,None
C[NH+](C)CCc1nnn[nH]1,4.59,None
O=C(O)CCc1ccccc1,4.59,None
O=C(O)C=Cc1ccc2c(c1)OCO2,4.6,None
Cc1ccc(C2CC2C(=O)O)cc1,4.6,None
Cc1cccc(CCCCCCCC(=O)O)[nH+]1,4.6,None
CC1[NH2+]C(CCCCCCCC(=O)O)CCC1O,4.6,None
S=c1[nH]cnc2nn[nH]c12,4.6,None
On1nnc2ccccc21,4.6,None
Cc1c[nH]c(C(=O)O)c1,4.6,None
C#CCCCC(=O)O,4.6,None
O=C(O)CCCOC(=O)CCCBr,4.6,None
COc1ccc(C2CC2C(=O)O)cc1,4.62,None
[NH3+]CCCCCCCCCCC(=O)O,4.62,None
CC(=O)CCC(=O)O,4.63,None
CC(=O)C1CC(C(=O)O)C1(C)C,4.63,None
NC(=O)C(CCC(=O)O)c1ccccc1,4.64,None
O=[N+]([O-])c1ccc(S)cc1,4.64,None
Cc1cc(C(=O)O)c(C)o1,4.64,None
CCOc1ccc(C(=O)O)cc1,4.64,None
[NH3+]CCCCCCCCCCCC(=O)O,4.65,None
O=C(O)CCc1ccc(Cl)cc1,4.65,None
Cc1ccc(C(=O)NS(=O)(=O)c2ccc(N)cc2)cc1C,4.66,None
C=C(C)C(=O)O,4.66,None
CC(=O)CCCC(=O)O,4.66,None
Cc1[nH]c2ccccc2c1CC(=O)O,4.67,None
Cc1cc(C(CC(=O)O)c2ccccc2)ccc1O,4.67,None
C=CCCC(=O)O,4.68,None
CC(=O)C(=O)CC(=O)C(C)=O,4.68,None
Cc1cc(C(=O)O)ccc1O,4.68,None
CCOC(=O)N1CCc2noc(O)c2CC1,4.7,None
C=CC[NH2+]CCCCCCCCCCC(=O)O,4.7,None
O=C(O)CC(c1ccccc1)c1ccccc1Cl,4.7,None
CC(C)C=CC(=O)O,4.7,None
Cc1ccc(O)c2[n+]1CCS2,4.7,None
CC(C)=C=CC(C)(C)C(=O)O,4.7,None
CCCC=CC(=O)O,4.71,None
Cc1cc(O)ccc1C(=O)O,4.71,None
COc1ccc(CCC(=O)O)cc1,4.72,None
CCNC(=O)C=C([70SH])c1ccccc1,4.73,None
CCC(CC)C(=O)O,4.73,None
Cc1ccc(CCC(=O)O)cc1,4.74,None
O=[N+]([O-])Nc1ccccc1,4.74,None
C#CC#CC#CCC(O)CCC(=O)O,4.75,None
Cc1cc(C)c2c(O)c(CC(=O)O)oc2c1,4.75,None
CC(C)C(=O)O,4.76,None
CCCCC(CC)C(=O)O,4.76,None
Nc1ccc(S(=O)(=O)Nc2nncs2)cc1,4.77,None
CCCC(C(CC)CO)C(CC)C(=O)O,4.78,None
CC=CC1=C(O)C(=O)c2ccccc2C1=O,4.78,None
CC=CC(=O)O,4.79,None
CC(C)CC(=O)O,4.79,None
O=C(O)C1CCC1,4.79,None
COc1ccccc1CCC(=O)O,4.8,None
C#CC#CC=C=CC(O)CCC(=O)O,4.8,None
CC(C)(C(=O)O)C(C(N)=O)c1ccccc1,4.8,None
CCCC(=O)O,4.8,None
C=C(CCCC)C(=O)O,4.8,None
COc1ccccc1-c1nnn[nH]1,4.8,None
CC(=O)NS(=O)(=O)c1ccc(C)cc1,4.8,None
CC(=O)C1CC(CC(=O)O)C1(C)C,4.82,None
CCCCC(=O)O,4.82,None
O=C(O)CCCCC1CCSS1,4.82,None
CC(O)C1CC(CC(=O)O)C1(C)C,4.83,None
O=C(O)C1CC1,4.83,None
CC(C)(C)CCC(=O)O,4.83,None
Oc1c(Cl)cc(Cl)c(Cl)c1C[NH+]1CCOCC1,4.84,None
CC(C)CCC(=O)O,4.84,None
Nc1ccc(C(=O)O)cc1,4.84,None
O=P([O-])(O)c1cn2c([nH+]1)C(O)C(O)C(O)C2CO,4.84,None
C[n+]1c2ccccc2nc2c(O)cccc21,4.85,None
CCCCCC(=O)O,4.85,None
O=S(=O)(Nc1ccccc1)C(F)(F)F,4.85,None
O=C(O)C1C2CCC1CC2,4.85,None
CCCCCCC(=O)O,4.86,None
O=C(O)CCc1c[nH]c2ccccc12,4.87,None
O=C(O)CCCCc1ccccc1,4.88,None
Cc1ccc(N[N+](=O)[O-])cc1,4.88,None
CC1CCCC(C(=O)O)C1,4.88,None
CC1CCCC(C)C1C(=O)O,4.88,None
CCCCCCCCCC(=O)O,4.89,None
CCCCCCCCCCCC(=O)O,4.89,None
O=C(O)C1CCCCC1,4.89,None
C[Si](C)(C)CCCC(=O)O,4.89,None
O=C(O)C12CCC(CC1)C2,4.89,None
CC#CC#CC=C=CC(O)CCC(=O)O,4.9,None
O=C1C(O)=C(Cc2ccccc2)C(=O)c2ccccc21,4.9,None
Cn1cc(O)[nH+]c1N,4.9,None
O=NC(=NO)c1ccccc1,4.9,None
C[Si](C)(C)CCC(=O)O,4.91,None
O=C(O)CCC1CCCCC1,4.59,None
C[n+]1cc(O)c2ccccc2c1,4.93,None
O=C(O)CCCC1CCCCC1,4.95,None
O=C(O)C12CC3CC(CC(C3)C1)C2,4.95,None
O=S(=O)(NBr)c1ccccc1,4.95,None
O=C(O)CCC(=O)c1ccc2ccccc2c1,4.96,None
C[n+]1cccc(O)c1,4.96,None
CN(C)c1ccc(C(=O)O)cc1,4.96,None
C[Si](C)(CCl)CCCC(=O)O,4.97,None
CC(CCC(=O)O)C1CCC2C3C(O)CC4CC(O)CCC4(C)C3CC(O)C12C,4.98,None
O=C(O)c1cc[nH]c1,4.98,None
C[Si](C)(CCCCl)CCCC(=O)O,4.98,None
O=C(O)C1CCCC1,4.99,None
N#CC(C#N)=NNc1ccccc1C(F)(F)F,5,None
CC=C(C(=O)O)c1ccc([N+](=O)[O-])cc1,5,None
CC1=CC(=O)CC(=O)O1,5,None
Cc1ccc(C(=O)O)[nH]1,5,None
CCCCCCCCCCCCCCC(=O)O,5.01,None
CCCCCCCCCCCCCCCCCC(=O)O,5.01,None
CC(C1CC1C(=O)O)C1CCC2C3C(O)CC4CC(O)CCC4(C)C3CCC12C,5.01,None
CC(C)(C)CC(=O)O,5.01,None
CC(=O)c1ccc(O)c(=O)cc1,5.01,None
CCC(C)(O)c1cnc(CC(C)C)c(O)[n+]1[O-],5.02,None
CC[Si](C)(C)CCCC(=O)O,5.02,None
CC1CC1C(=O)O,5.03,None
CCC(C)(C)C(=O)O,5.03,None
C[Si](C)(C)O[Si](C)(C)CCCC(=O)O,5.03,None
CCCCc1c(O)nc(NCC)[nH+]c1C,5.04,None
Cc1ccc(S(=O)(=O)NC(=O)OC(C)(C)C)cc1,5.05,None
NC(=O)CS(=O)(=O)NC(N)=O,5.05,None
CC(C[Si](C)(C)CCCCl)C(=O)O,5.05,None
C[Si](C)(C)CCCCCC(=O)O,5.06,None
COc1ccc2c(c1)nnn2O,5.07,None
CC(CCC(=O)O)C1CCC2C3C(O)CC4CC(O)CCC4(C)C3CCC12C,5.08,None
CS(=O)(=O)NC(N)=O,5.1,None
Cc1cc[nH]c1C(=O)O,5.1,None
CC(C)=CC(=O)O,5.12,None
FC(F)(F)c1nc2ncncc2[nH]1,5.12,None
CC[NH+](CC)Cc1c(O)c(Cl)cc(Cl)c1Cl,5.13,None
CC(C)CCC1=C(O)C(=O)c2ccccc2C1=O,5.13,None
CC1(C(=O)O)CCCCC1,5.13,None
CC(C)(C(N)=O)S(=O)(=O)NC(N)=O,5.15,None
CC1(C)OC(=O)CC(=O)O1,5.15,None
N#CC(C#N)=NNc1cccc(Cl)c1Cl,5.15,None
Cc1nsc(S)n1,5.18,None
Nc1ccc(S(=O)(=O)Nc2cccc[n+]2[O-])cc1,5.2,None
O=C1CC(=O)CC2(CCCCC2)C1,5.2,None
CC(C(N)=O)S(=O)(=O)NC(N)=O,5.21,None
C[Si](C)(C)CC(=O)O,5.22,None
Cc1cc(O)n(-c2nc(O)cc(C)[nH+]2)n1,5.23,None
O=[N+]([O-])c1cccc(S)c1,5.24,None
O=C1CCCC(=O)C1,5.26,None
C[Si](C)(CC(=O)O)c1ccccc1,5.27,None
O=C(O)c1c[nH]c2ccccc12,5.27,None
O=C(O)c1ccc[nH+]c1[O-],5.28,None
CCCCNC(=O)NS(=O)(=O)c1ccc(C)cc1,5.3,None
CCC1C(=O)C=C(C)OC1=O,5.3,None
O=NC(Cc1ccccc1)=NO,5.3,None
CC(=O)c1ccc(S)cc1,5.33,None
CC(=Cc1ccccc1)CC(=O)O,5.35,None
Cc1cc(C(=O)O)c[nH]1,5.35,None
CC(=O)NS(=O)(=O)c1ccc(N)cc1,5.35,None
Cc1ccnc(NS(=O)(=O)c2ccc(Cl)cc2)n1,5.37,None
C(COCCc1nnn[nH]1)OCCc1nnn[n-]1,5.37,None
CC1(C)SC(=S)NC1=O,5.38,None
CC[Si](C)(C)CC(=O)O,5.4,None
O=c1ccccc(O)c1,5.4,None
COC(=O)c1ccc(O)c([N+](=O)[O-])c1,5.4,None
NC(=O)NS(=O)(=O)c1ccc(N)cc1,5.41,None
C[n+]1cc(O)cc2ccccc21,5.42,None
O=Nc1c(O)ccc2ncsc12,5.43,None
CCOC(=O)c1ccc(O)c([N+](=O)[O-])c1,5.44,None
Cc1nnc(NS(=O)(=O)c2ccc(N)cc2)s1,5.46,None
CCOC(=O)C(=NO)C(=O)OCC,5.48,None
NC(=O)CCCc1ccccn1,5.48,None
Cc1cc(O)n(-c2nc(O)c(C)c(C)[nH+]2)n1,5.5,None
O=C1CCC(C2CCCCC2)C(=O)C1,5.5,None
O=C1Oc2ccccc2C(=O)C1CC1C(=O)Oc2ccccc2C1=O,5.5,None
N#CC(C#N)=NNc1ccc([N+](=O)[O-])cc1,5.5,None
Cc1nnn[nH]1,5.52,None
C[n+]1cccc2ccc(O)cc21,5.56,None
CCc1nnn[nH]1,5.59,None
CC1C(=O)CC(C)(C)CC1=O,5.6,None
Nc1c2ccccc2[nH+]c2cccc(O)c12,5.61,None
CCCc1nnn[nH]1,5.61,None
CC1CC(C)C(=O)CC1=O,5.62,None
O=C1CC(=O)c2ccccc2O1,5.64,None
C[NH+](C)Cc1cc(-c2ccccc2)cc(C[NH+](C)C)c1O,5.65,None
C[n+]1nc(O)ccc1[O-],5.65,None
CCC[Si](C)(CCC)CC(=O)O,5.65,None
Oc1c(Cl)cc(Cl)cc1C[NH+]1CCOCC1,5.67,None
CCC1(CC)OC(=O)NC1=O,5.7,None
O=S(=O)(Nc1nccs1)c1ccccc1,5.73,None
CC[NH+](CC)Cc1cc([N+](=O)[O-])ccc1O,5.75,None
CC[NH+]1CCCC1CNC(=O)c1c(OC)ccc([N+](=O)[O-])c1O,5.75,None
O=C1Cc2c1ccc(O)c2Br,5.75,None
Cn1c(-c2ccccc2O)[nH+]c2ccccc21,5.76,None
[O-][n+]1ccc(O)cc1,5.76,None
Sc1cccc(Cl)c1,5.76,None
O=[N+]([O-])c1ccc(O)c(C[NH+]2CCOCCOCCOCCOCCOCC2)c1,5.77,None
O=[N+]([O-])c1ccc(O)c(C[NH+]2CCOCCOCCOCCOCC2)c1,5.79,None
CC(=O)C(C)C(C)(C)C(=O)O,5.79,None
CC1=CC(C)=Nc2ccc(C)cc2N1,5.8,None
CC(N=O)=NO,5.8,None
CCC(N=O)=NO,5.8,None
Sc1ccc(Br)cc1,5.8,None
Cc1[nH]ccc1C(=O)O,5.8,None
N#CC(C#N)=NNc1ccccc1[N+](=O)[O-],5.8,None
COC(C)=CC(=O)O,5.81,None
Sc1ccc(Cl)cc1,5.82,None
O=CC1CCCC1=O,5.83,None
N#CC(C#N)=NNc1ccccc1Cl,5.84,None
CC(=O)c1ccc(NN=C(C#N)C#N)cc1,5.85,None
Nc1ccc(S(=O)(=O)Nc2nccs2)cc1N=Nc1ccccc1,5.85,None
O=[N+]([O-])c1ccc(O)c(C[NH+]2CCCCC2)c1,5.88,None
CC[NH+]1CCCC1CNC(=O)c1c(O)c(Br)cc(Br)c1OC,5.88,None
Cc1[nH]c2ccccc2c1C(=O)O,5.89,None
O=CNOC(=O)C=Cc1ccccc1,5.9,None
Cc1cccc(NS(=O)(=O)c2ccc(N)cc2)[n+]1[O-],5.9,None
O=C1c2ccccc2C(=O)C1Cc1ccccc1,5.9,None
O=[N+]([O-])c1[nH]cnc1Cl,5.9,None
[NH3+]C1CC(=O)NC1=O,5.9,None
O=c1cccccc1S,5.9,None
CN(C)c1nnn[nH]1,5.92,None
CC[NH+](CC)Cc1cc(Cl)cc(Cl)c1O,5.95,None
Oc1c(Cl)cc(Cl)cc1C[NH+]1CCCCC1,5.97,None
Nc1nnn[nH]1,5.98,None
N#CC(C#N)=NNc1ccc(OC(F)(F)F)cc1,6,None
Cc1cnc(NS(=O)(=O)c2ccc(N)cc2)nc1C,6,None
O=C(NOC(=O)c1ccccc1)c1ccccc1,6,None
CCC1(C)OC(=O)NC1=O,6,None
Cc1cc(I)c(O)c(I)c1,6,None
Cn1c(=O)c2c([nH]c(=O)n2C)n(C)c1=O,6,None
N#CC(C#N)=NNc1cccc(Cl)c1,6,None
O=S(=O)(Nc1nccs1)c1ccc(O)cc1,6,None
Nc1ccc(S(=O)(=O)Nc2cnccn2)cc1,6.04,None
O=C1CCC(=O)N1O,6.04,None
C[n+]1ccc2cc(O)ccc2c1,6.06,None
CNc1nnn[nH]1,6.06,None
N#Cc1c(-c2nc3ccccc3o2)c(=O)oc2cc(O)ccc12,6.07,None
CC(=O)Nc1ccc(S)cc1,6.08,None
O=S(Cc1ccccc1)c1cnn[nH]1,6.09,None
Cc1cc(=O)oc2cc(O)c(Cl)cc12,6.1,None
C=CCC1(CC=C)SC(=O)NC1=O,6.1,None
C[n+]1cccc2c(O)cccc21,6.12,None
CNC(=O)Oc1ccc2c(c1)C1(C)CC[NH+](C)C1N2C,6.12,None
O=C(O)c1ccccc1N=CC=Cc1ccccc1,6.12,None
CC(=O)CC=O,6.12,None
Oc1c(Cl)ccc(Cl)c1Cl,6.12,None
O=C1c2ccccc2C(=O)N1O,6.13,None
CC1(C)OC(=O)NC1=O,6.15,None
CC(=O)c1cccc(=O)c(O)c1,6.16,None
Nc1ccc(S(=O)(=O)Nc2ccncn2)cc1,6.17,None
CC1C(=O)c2ccccc2C1=O,6.17,None
O=c1ccc2ccc(O)cc2o1,6.18,None
Cc1cc(=O)n2ncnc2[nH]1,6.19,None
O=Nc1ccc(O)cc1,6.2,None
Cc1nc2c(=O)[nH]c(=O)[nH]c2n1C,6.2,None
Cc1cc(C=O)c(O)c(C=O)c1,6.2,None
O=S(=O)(Cc1ccccc1)c1ncn[nH]1,6.23,None
O=C(CC(=O)C(F)(F)F)c1ccccc1,6.3,None
Cc1cc(C([NH3+])CO)c(O)c(C([NH3+])CO)c1,6.3,None
CCC1(c2ccccc2)C(=O)NC(=S)NC1=O,6.3,None
CC(C)CCC1C(=O)C(O)C(CCC(C)C)(CCC(C)C)C1=O,6.3,None
CCCCN(C(=O)c1cc([N+](=O)[O-])ccc1O)c1ccc(N=Nc2ccc3c(c2)OCCOCCOCCOCCOCCO3)cc1,6.3,None
Cn1c(=O)[nH]c2c(ncn2C)c1=O,6.3,None
Cc1ccc(Br)c(O)c(=O)c1,6.3,None
COC(=O)c1ccccc1S,6.3,None
O=c1ccc(Br)ccc1O,6.32,None
COc1cc(C[NH+](C)C)c(O)c(C[NH+](C)C)c1,6.33,None
CCN(CC)c1nnn[nH]1,6.33,None
O=C(O)C12CCC(O)(CC1)CC2,6.33,None
NS(=O)(=O)C(F)(F)F,6.33,None
Fc1ccc(S)cc1,6.35,None
O=C1C(=NO)C=C(S(=O)(=O)[O-])c2cn[nH]c21,6.35,None
N#CC(C#N)=NNc1ccccc1Br,6.35,None
O=C1C=CC(=NO)C=C1,6.36,None
Sc1ccccc1,6.37,None
CCCC1(CCC)SC(=O)NC1=O,6.37,None
CCOC(=O)COc1ccc(C(=O)c2ccc(O)c(C[NH3+])c2)c(Cl)c1Cl,6.38,None
O=C(Nc1ccccc1)ONC(=O)c1ccccc1,6.4,None
CC(C)C1=CC2=CCC3C(C)(C(=O)O)CCCC3(C)C2CC1,6.4,None
[O-][n+]1cccc(O)c1,6.4,None
O=C([O-])c1ccc(O)c([N+](=O)[O-])c1,6.41,None
Cc1ccc(=O)c(O)c(Br)c1,6.41,None
Nc1ccc(S(=O)(=O)Nc2ncccn2)cc1,6.42,None
Cc1cc(C[NH+](C)C)c(O)c(C[NH+](C)C)c1,6.45,None
N#CC(C#N)=NNc1cccc(O)c1,6.45,None
Cc1ccc(S)cc1,6.47,None
O=C1CSC(=S)N1,6.48,None
Sc1cccc2ncccc12,6.48,None
O=C1CN(C(=O)c2ccccc2)C(=S)N1,6.5,None
COc1cc2ccc(=O)oc2cc1O,6.5,None
N#CC(C#N)=NNc1ccc(CCCl)cc1,6.5,None
Cc1nnc(C)n1O,6.5,None
Sc1ccc2ncccc2c1,6.5,None
NS(=O)(=O)C(F)(F)Cl,6.5,None
CC(C)CC(=O)CC(=O)C(F)(F)F,6.52,None
NS(=O)(=O)C(F)(F)Br,6.53,None
CCC1(CC)C(=O)NC(=O)N(C(=O)c2ccccc2OC)C1=O,6.54,None
O=C1CSC(=O)N1,6.54,None
N#CC(C#N)=NNc1ccccc1,6.55,None
Cc1ccnc(NS(=O)(=O)c2ccc(N)cc2)n1,6.59,None
O=c1oc2c(O)c(O)cc3c(=O)oc4c(O)c(O)cc1c4c23,6.59,None
Oc1c(Br)cccc1Br,6.6,None
O=[N+]([O-])C(=NO)c1ccc(Cl)cc1,6.6,None
O=Cc1ccc(O)cc1Cl,6.6,None
O=c1cnn(C2OC(CO)C(O)C2O)c(=O)[nH]1,6.6,None
Cc1cc(O)c(=O)ccc1Br,6.6,None
O=Cc1cccc(Cl)c1O,6.61,None
Cc1cc(O)n(C2CC[NH+](C)CC2)n1,6.63,None
CNc1ccc(S(=O)(=O)Nc2nc(C)cs2)cc1,6.63,None
O=[N+]([O-])c1ccc(NS(=O)(=O)c2ccccc2)cc1,6.63,None
Oc1ccccc1C1=[NH+]CCN1,6.63,None
CC1(C)SC(=O)NC1=O,6.64,None
CCOC(=O)COc1ccc(S(=O)(=O)c2ccc(O)c(C[NH3+])c2)c(Cl)c1Cl,6.67,None
CC(C)C(=O)CC=O,6.68,None
N#CC(C#N)=NNc1ccccc1C(=O)O,6.7,None
O=C1CCON1,6.7,None
Oc1cccc2cccc(O)c12,6.71,None
O=S1(=O)N=CNc2ccncc21,6.71,None
C[NH+]1CCC(n2nc(-c3ccccc3)c(Cc3ccccc3)c2O)CC1,6.73,None
COc1cccc([N+](=O)[O-])c1O,6.74,None
Cc1ccc(NN=C(C#N)C#N)cc1,6.75,None
COc1ccc(S)cc1,6.76,None
Cn1cnc2c(N=O)c(O)ccc21,6.76,None
O=Cc1ccncc1O,6.77,None
Cc1ccc2c([N+](=O)[O-])ccc(O)c2n1,6.78,None
Oc1cncnc1,6.78,None
CC(=O)Nc1ccc(O)c([N+](=O)[O-])c1,6.78,None
NS(=O)(=O)C(F)(F)I,6.79,None
CCC(=O)NOC(=O)C=Cc1ccccc1,6.8,None
O=C(Nc1nnc(-c2ccccc2)s1)c1ccccc1,6.8,None
O=c1oc2cc(O)ccc2cc1-c1nc2cc(Cl)ccc2o1,6.8,None
Oc1c(Cl)cccc1Cl,6.8,None
C[n+]1cccc2cccc(O)c21,6.81,None
CC(=O)NOC(C)=O,6.81,None
O=c1oc2cc(O)ccc2cc1-c1nc2ccccc2o1,6.84,None
NC(=O)c1cc(-c2ccccc2)nnc1NCCN1CCOCC1,6.85,None
O=c1cccccc1O,6.87,None
[O-]c1ccc2ccccc2[n+]1O,6.88,None
CCc1nsc(O)n1,6.89,None
COc1cc(C)nc(-n2nc(C)cc2O)n1,6.9,None
Cc1ccccc1NN=C(C#N)C#N,6.9,None
C[n+]1ccc2c(O)cccc2c1,6.9,None
O=c1ccc2ccc(O)c(O)c2o1,6.9,None
CCc1cc(Cl)c(O)c(C(=O)NCC2CCC[NH+]2CC)c1OC,6.91,None
CCc1cc(Cl)c(OC)c(C(=O)NCC2CCC[NH+]2CC)c1O,6.91,None
Nc1cc[nH+]c2c(O)cccc12,6.91,None
CC(=O)c1ccc(NS(=O)(=O)c2ccccc2)cc1,6.94,None
Nc1ccc(S(=O)(=O)Nc2ccn(-c3ccc([N+](=O)[O-])cc3)n2)cc1,6.94,None
O=S1(=O)N=CNc2cccnc21,6.94,None
O=c1[nH]ccc2nnnn12,6.95,None
O=Cc1ncccc1O,6.95,None
Nc1ccc(S(=O)(=O)Nc2nccs2)c(Cl)c1,6.95,None
Cc1nc(NS(=O)(=O)c2ccc(N)cc2)sc1C,6.97,None
Cc1cc(S(=O)(=O)Nc2nccs2)ccc1N,7,None
CCCc1c(-c2ccccc2)nn(-c2ccccc2)c1O,7,None
NC(=O)CC(N)C(N)=O,7,None
Cc1cc(C[NH3+])c(O)c(C[NH3+])c1,7,None
Sc1cccnc1,7.01,None
Oc1nsc2ccccc12,7.01,None
CC(=O)ONc1cc(=O)n(C)c(=O)n1C,7.01,None
Nc1ccc(S(=O)(=O)Nc2ccn(-c3cccc([N+](=O)[O-])c3)n2)cc1,7.03,None
O=S1(=O)N=CNc2ncccc21,7.03,None
CN(C)c1cc[nH+]c2c(O)cccc12,7.05,None
Cc1ncc2c(c1O)C(=O)OC2,7.05,None
CC(=O)C(C[NH+]1CCCCC1)=NO,7.05,None
Nc1ccc(S(=O)(=O)Nc2cccnn2)cc1,7.06,None
CC[NH+]1CCCC1CNC(=O)c1c(OC)ccc(Cl)c1O,7.07,None
C[n+]1ccc2ccc(O)cc2c1,7.09,None
Cc1cc([N+](=O)[O-])ccc1O,7.1,None
O=COO,7.1,None
Nc1ccc(S(=O)(=O)Nc2ccc(Br)nc2)cc1,7.12,None
COc1cc(OC)nc(NS(=O)(=O)c2ccc(N)cc2)n1,7.12,None
NC(=O)c1cc[n+](COC[n+]2ccccc2C=NO)cc1,7.13,None
C[n+]1cccc2cc(O)ccc21,7.15,None
N#Cc1cccc(NS(=O)(=O)c2ccccc2)c1,7.15,None
O=[N+]([O-])c1ccccc1O,7.15,None
O=C1C=C(S(=O)(=O)[O-])C(=NO)c2[nH]ncc21,7.15,None
CCCc1c(C)[nH]n(C2CC[NH+](C)CC2)c1=O,7.18,None
Cc1ccc2nc3ccc(O)cc3nc2c1,7.2,None
Oc1ccc(N=Nc2nc3ccccc3s2)c2cccnc12,7.2,None
CCCCCCCCCc1c(-c2ccccc2)nn(-c2ccccc2)c1O,7.2,None
CCOC(=O)C(=NO)C(C)=O,7.2,None
CC(C)c1cccc(=O)c(O)c1,7.22,None
CCc1cc(CC)c(OC)c(C(=O)NCC2CCC[NH+]2CC)c1O,7.24,None
O=C1Cc2cc(O)ccc21,7.24,None
OC(c1ccncc1)n1cc[nH+]c1,7.24,None
Nc1ccc(S(=O)(=O)Nc2nccs2)cc1,7.25,None
CC[NH+](CC)Cc1cccc(F)c1O,7.26,None
Cc1cccc(=O)c(O)c1,7.26,None
[O-][n+]1cnc(NCc2ccccc2)c2nc[nH]c21,7.27,None
NC(=O)CNCCCNCC(N)=O,7.27,None
CCCCCc1c(-c2ccccc2)nn(-c2ccccc2)c1O,7.3,None
NC(=O)C(N)CO,7.3,None
CC(=O)N=c1sc(S(N)(=O)=O)nn1C,7.3,None
O=C(NBr)c1ccccc1,7.3,None
O=C(OO)c1ccccc1,7.3,None
Oc1c(Br)cc(Br)c2cccnc12,7.3,None
C[S+](C)c1ccc(O)cc1,7.31,None
CC(=O)N(c1ccccc1)c1nnc(S(N)(=O)=O)s1,7.32,None
CN(C)C(=O)C=C(O)c1ccncc1,7.32,None
N#Cc1ccccc1O,7.32,None
NC(=O)C1=CN2CCC1CC2,7.32,None
Cc1ccc(O)c(=O)cc1,7.32,None
CCOC(=O)COc1ccc(C(=O)c2ccc(O)c(C[NH3+])c2)cc1,7.34,None
CCOc1cc(C)nc(-n2nc(C)cc2O)n1,7.35,None
COc1cc(C=O)ccc1O,7.38,None
O=S(Cc1ccccc1)c1ncn[nH]1,7.38,None
O=C(NO)c1ccccc1O,7.39,None
COc1ccc(O)c([N+](=O)[O-])c1,7.39,None
CC(C)C1C(=O)c2ccccc2C1=O,7.4,None
CC(=O)N(C)c1nnc(S(N)(=O)=O)s1,7.4,None
O=Cc1cc(Br)ccc1O,7.4,None
Cc1ccc(O)c([N+](=O)[O-])c1,7.4,None
Oc1cccc2nnccc12,7.4,None
O=[N+]([O-])c1ccc(S(=O)(=O)Nc2ccccc2)cc1,7.41,None
CC(=O)C(=NO)C(C)=O,7.44,None
Oc1ccc2nc3ccccc3nc2c1,7.45,None
O=Cc1ccc(O)c(O)c1,7.45,None
C[N+](C)(C)c1ccccc1O,7.46,None
Nn1cnnc1S,7.47,None
CC(=O)Nc1nnc(S(N)(=O)=O)s1,7.48,None
Cc1cc(NS(=O)(=O)c2ccc(N)cc2)nc(C)n1,7.49,None
CC(=O)CC(=S)Nc1ccccc1,7.5,None
CC[NH+](CC)Cc1c(O)cccc1Cl,7.5,None
O=[N+]([O-])c1cccc(S(=O)(=O)Nc2ccccc2)c1,7.5,None
Cc1cc(N=Nc2nc3ccccc3s2)c2cccnc2c1O,7.5,None
CCCCCCCCc1c(-c2ccccc2)nn(-c2ccccc2)c1O,7.5,None
FC(F)(F)c1cc(C(F)(F)F)[nH]n1,7.51,None
Oc1c(Cl)cc(Cl)c2cccnc12,7.51,None
O=C1C(=NO)C=Cc2ccccc21,7.52,None
Oc1ccc2nnccc2c1,7.52,None
Cc1cc(C2(c3ccc(O)c(C)c3)OS(=O)(=O)c3c(Br)c(Br)c(Br)c(Br)c32)ccc1O,7.53,None
O=Cc1ccc(O)cc1,7.53,None
O=S(=O)(Nc1cccc(F)c1)c1ccccc1,7.54,None
Oc1ccccc1-c1cc2ccccc2cc1O,7.55,None
CC(C)[NH2+]CC(=O)c1ccc(O)cc1,7.56,None
CNS(=O)(=O)C(F)(F)F,7.56,None
Oc1ccc2ccnnc2c1,7.56,None
CC1=NS(=O)(=O)c2ncccc2N1,7.58,None
C[NH+](C)Cc1cc(Br)ccc1O,7.58,None
Cc1c(O)n[nH]c1-c1ccccc1,7.6,None
Oc1c(Cc2ccccc2)c(-c2ccccc2)nn1-c1ccccc1,7.6,None
[N-]=[N+]=Nc1ncnc2nc[nH]c12,7.6,None
O=C1CCCC(=O)N1O,7.6,None
O=S(=O)([O-])c1ccc(O)c2[nH]ncc12,7.6,None
O=S(=O)([O-])c1ccc(O)c2cn[nH]c12,7.6,None
O=C([O-])c1ccccc1S,7.6,None
Cc1cc(O)ccc1[S+](C)C,7.6,None
O=S(=O)(Nc1cccc(C(F)(F)F)c1)c1ccccc1,7.63,None
COc1nc(-n2nc(C)cc2O)nc(C)c1C,7.64,None
ON=Cc1cnns1,7.64,None
CC(=O)C=C(C)O,7.64,None
CC(=O)CC(=S)Nc1ccc(C)cc1,7.65,None
CCC1(c2ccccc2)C(=O)NC(=S)N(C)C1=O,7.65,None
O=C(C=NO)C=NO,7.65,None
Cc1cc(O)ccc1[N+](=O)[O-],7.65,None
O=S1(=O)C=C(O)c2ccccc21,7.65,None
COc1cc(C(C)=O)ccc1O,7.65,None
C[S+](C)c1cccc(O)c1,7.67,None
O=C(Oc1ccc([N+](=O)[O-])cc1[N+](=O)[O-])c1ccc(O)cc1,7.68,None
C[NH+](C)CCS,7.68,None
COc1ccc(-c2nc3nnc(SC)nc3[nH]2)c(OC)c1,7.69,None
Nc1nnc(S(N)(=O)=O)s1,7.69,None
CC[NH+](CC)Cc1cc(Br)ccc1O,7.7,None
Oc1n[nH]c(-c2ccccc2)c1Cc1ccccc1,7.7,None
Oc1cc(Cl)c(Cl)c(Cl)c1,7.7,None
Clc1ccc2[nH]nnc2c1,7.7,None
Nc1c2ccccc2[nH+]c2ccc(O)cc12,7.71,None
Oc1cccc(Cl)c1Cl,7.71,None
CC[NH+](CC)CCS,7.72,None
CCc1cc([N+](=O)[O-])cc(CC)c1O,7.73,None
Oc1ccc(N=Nc2ccncc2)cc1,7.73,None
COc1nc2ncncc2[nH]1,7.73,None
CN(C)C(=O)CC(=O)c1ccncc1,7.75,None
CC(=O)c1ccc(O)c2ncccc12,7.75,None
O=C([O-])c1ccc(NS(=O)(=O)c2ccccc2)cc1,7.75,None
Clc1ncnc2nc[nH]c12,7.75,None
O=C1C=C(S(=O)(=O)[O-])c2[nH]ncc2C1=NO,7.75,None
C[n+]1ccccc1C=NO,7.75,None
COc1ccc(O)c(=O)cc1,7.75,None
CCCC[NH+](CCS)CCCC,7.76,None
O=C1C=Cc2ccccc2C1=NO,7.77,None
O=S(=O)(Nc1ccc(Br)cc1)c1ccccc1,7.78,None
Cc1cc(=O)oc2cc(O)ccc12,7.8,None
CCc1c(-c2ccccc2)n[nH]c1O,7.8,None
Cc1c(-c2ccccc2)nn(-c2ccccc2)c1O,7.8,None
CNc1nnc(S(N)(=O)=O)s1,7.8,None
Oc1ccc(Cl)cc1Cl,7.8,None
NS(=O)(=O)c1nc2ccccc2s1,7.8,None
Nc1ccc(O)c([N+](=O)[O-])c1,7.81,None
Nc1n[nH]c(N)c1N=Nc1ccc(O)cc1,7.81,None
O=c1cc(-c2ccccc2)oc2c(O)cccc12,7.82,None
O=c1cc(CO)occ1O,7.82,None
CC(=O)C1CCCC1=O,7.82,None
CS(=O)(=O)c1ccc(O)cc1,7.83,None
SCC[NH2+]CCc1ccccc1,7.85,None
Nc1ccc(S(=O)(=O)Nc2ccc(S(N)(=O)=O)cc2)cc1,7.85,None
Cc1cc(Cl)cc(Cl)c1O,7.85,None
Oc1ccc(-c2cc(=S)ss2)cc1,7.86,None
O=C(c1ccccc1)N(O)c1ccccc1,7.87,None
Nc1ccc(S(=O)(=O)Nc2cccnc2)cc1,7.89,None
CC(C)(C)[NH2+]CC(=O)c1ccc(O)cc1,7.9,None
CC(=O)C(Cl)=NO,7.9,None
O=C(C=NO)CCl,7.9,None
CN(C)C(=O)c1ncnc2nc[nH]c12,7.9,None
Oc1c(I)cc(Cl)c2cccnc12,7.9,None
O=S(=O)(Nc1ccc(Cl)cc1)c1ccccc1,7.91,None
COc1cccc(C=O)c1O,7.91,None
NNC(=O)C(F)(F)C(F)(F)F,7.92,None
CCC[NH2+]CCS,7.92,None
CN(O)C(=O)c1ccc([N+](=O)[O-])cc1,7.92,None
Cc1ccccc(=O)c1O,7.92,None
COc1cccc(NS(=O)(=O)c2ccccc2)c1,7.95,None
Oc1ccc2cnncc2c1,7.95,None
Cc1nnc(S)n1N,7.97,None
COc1ccc(O)c(N=Nc2nc(C)cs2)c1,7.98,None
C[N+](C)(C)CCS,7.98,None
CC(C)(C)C1C(=O)NC(=O)NC1=O,7.98,None
O=[N+]([O-])C=Cc1ccc(O)cc1,7.98,None
CCCc1c(-c2ccccc2)n[nH]c1O,8,None
CCN(CC)C(=S)NC(=O)c1ccc(Cl)cc1,8,None
CCc1c(-c2ccccc2)nn(-c2ccccc2)c1O,8,None
CCCCCCCc1c(-c2ccccc2)nn(-c2ccccc2)c1O,8,None
CC(C)C(N)C(N)=O,8,None
O=S(=O)([O-])c1cc(O)c2[nH]ncc2c1,8,None
O=c1[nH]cc(SSc2c[nH]c(=O)[nH]c2=O)c(=O)[nH]1,8,None
COc1ccccc(=O)c1O,8,None
Oc1c(I)cc(I)c2cccnc12,8,None
O=C(c1ccccc1)c1ccc(O)cc1,8.01,None
Oc1cc(Br)cc(Br)c1,8.01,None
Cc1ccc(O)cc1[S+](C)C,8.01,None
C[NH2+]CCS,8.02,None
NNC(=O)C(F)(F)C(F)(F)C(F)(F)F,8.02,None
O=C(NO)c1ccc([N+](=O)[O-])cc1,8.02,None
C[NH+](C)Cc1cc(Cl)ccc1O,8.02,None
CNC(=O)c1ccccc1O,8.03,None
CC1=CC(=O)C=C(C)C1=NO,8.04,None
NCC(N)=O,8.05,None
NNC(=O)CS,8.05,None
CNC(=O)CS,8.05,None
Oc1cnc2ccccc2c1,8.06,None
Oc1cc(Cl)cc(Cl)c1,8.07,None
O=C(NO)c1cccc([N+](=O)[O-])c1,8.07,None
C[N+](C)(C)c1cccc(O)c1,8.07,None
CC(C)[NH+](CCS)C(C)C,8.08,None
Cc1cnc(C)c(O)c1C=O,8.08,None
CCCCc1cc(Cl)cc(Cl)c1O,8.1,None
C[N+](C)(C)Cc1cccc(O)c1O,8.1,None
O=C1C=CC(=Nc2ccc(O)cc2)C=C1,8.1,None
CCC(=O)OO,8.1,None
CN(C)C(=O)CS,8.1,None
O=S(=O)([O-])c1cc(O)c2cn[nH]c2c1,8.1,None
CCCc1cc(Cl)cc(Cl)c1O,8.1,None
CC[NH+](CC)Cc1cc(Cl)ccc1O,8.11,None
C[NH+](C)Cc1cc(F)ccc1O,8.12,None
CCN(CC)C(=S)NC(=O)c1ccc(F)cc1,8.13,None
C=CC[NH+](CC=C)CCCNC(=O)C=NO,8.14,None
CCNC(=O)CS,8.14,None
O=C1CC2C(=O)NC(=O)C2N1,8.15,None
S=C1NC(=S)C(c2ccccc2)N1,8.15,None
[NH3+]C(Cc1nc(I)[nH]c1I)C(=O)[O-],8.18,None
CC(=O)OO,8.19,None
Oc1ccc2ncncc2c1,8.19,None
Cc1ccc([N+](C)(C)C)cc1O,8.2,None
Cc1cc(O)cc([N+](C)(C)C)c1,8.2,None
O=S(=O)(Nc1ccccn1)c1ccccc1,8.2,None
CCCCc1c(-c2ccccc2)n[nH]c1O,8.2,None
CCC(=O)NBr,8.2,None
CCCC(=O)OO,8.2,None
CCCCSC(=N)c1ccccc1,8.21,None
CCN(CC)C(=S)NC(=O)c1cccc(F)c1,8.21,None
Cc1cc(O)cc(C)c1C#N,8.21,None
O=S(=O)(Nc1ccccc1)c1ccccc1,8.22,None
NC(=O)CS,8.22,None
Nc1n[nH]c(N)c1N=Nc1ccccc1O,8.22,None
ON=CC(Cl)=NO,8.24,None
COC(=O)CC(=O)c1ccncc1,8.24,None
NS(=O)(=O)c1nccs1,8.25,None
O=c1[nH]c2ccccc2c(=O)o1,8.25,None
Oc1cccc2ccnnc12,8.25,None
C[N+](C)(C)c1ccc(O)cc1,8.25,None
Cc1cc(=O)oc2cccc(O)c12,8.26,None
NNC(=O)C(F)(F)C1(F)OC(F)(F)C(F)(F)C1(F)F,8.26,None
O=c1cc(-c2ccc(O)cc2)oc2ccccc12,8.27,None
C[n+]1ccc(C=NO)cc1,8.27,None
O=c1cc(-c2ccc(O)cc2)ss1,8.27,None
Cc1ccc(O)cc1[N+](C)(C)C,8.28,None
C[NH+](C)Cc1cccc(NC(=O)C=NO)c1,8.28,None
CS(=O)c1ccc(O)cc1,8.28,None
Oc1ccc(Cl)cc1C[NH+]1CCCC1,8.3,None
O=C1NC(=O)C2(CCOc3ccc(F)cc32)N1,8.3,None
O=C1Oc2ccccc2C(=O)C1Cc1c([O-])c2ccccc2oc1=O,8.3,None
C[N+](C)(C)CCC[N+](C)(C)CCCNC(=O)C=NO,8.31,None
O=C(OCc1ccccc1)c1ccc(O)cc1,8.31,None
O=[N+]([O-])c1cccc(O)c1,8.31,None
CN(C)c1cccc2c(S(=O)(=O)NCC[NH+](C)C)cccc12,8.33,None
Oc1cncc2cccnc12,8.33,None
Cc1cc(O)ccc1[N+](C)(C)C,8.34,None
CCCCOC(=O)c1ccc(O)cc1,8.34,None
COC(=O)c1ccc(O)cc1,8.34,None
CNCC(N)=O,8.35,None
Cc1csc(S(N)(=O)=O)n1,8.35,None
CCN(CC)C(=S)NC(=O)c1cccc(C)c1,8.36,None
CC(=O)N(O)c1ccccc1,8.36,None
CCC(=O)C=NO,8.37,None
CCn1nnnc1NC(C)=O,8.38,None
C[n+]1ccccc1C=Cc1ccc(O)cc1,8.4,None
CCCCCc1c(-c2ccccc2)n[nH]c1O,8.4,None
[NH3+]CCS,8.4,None
O=C1C=CC(=O)C(=NO)N1,8.4,None
Oc1ccccc1Br,8.4,None
Oc1ccccc1Cl,8.4,None
Oc1cccc2ccncc12,8.4,None
Cn1c(CCl)nc2c(O)ccc(O)c21,8.4,None
c1coc(CSc2ncnc3nc[nH]c23)c1,8.42,None
C[NH+](C)Cc1ccc(NC(=O)C=NO)cc1,8.43,None
Oc1ccc2cnc3ccccc3c2c1,8.43,None
Cc1ccnc2c(O)cccc12,8.44,None
CCN(CC)C(=S)NC(=O)c1ccccc1,8.45,None
COc1c(O)ccc2c1C[N+]1(C)CCc3cc4c(cc3C1C2)OCO4,8.45,None
Oc1cccc2cnccc12,8.45,None
Nc1ccc(S(=O)(=O)Nc2ccc(N)cn2)cc1,8.47,None
C[NH+](C)CCc1c[nH]c2cccc(O)c12,8.47,None
Cc1cccc(NS(=O)(=O)c2ccccc2)c1,8.48,None
C=CC[NH+](C)CCCNC(=O)C=NO,8.48,None
O=[N+]([O-])c1ccc2c(O)cccc2c1,8.49,None
COc1cc(S(C)=O)ccc1-c1nc2cnncc2[nH]1,8.49,None
OC(=Cc1ccccc1)c1ccco1,8.5,None
Oc1cc2cccnc2c2cccnc12,8.5,None
Cc1csc(-c2ccc(NS(=O)(=O)c3ccc(N)cc3)cc2)n1,8.5,None
Cc1ccc(C(=O)N(C)O)cc1,8.5,None
Nc1ccc(S(=O)(=O)Nc2ccccn2)cc1,8.51,None
Oc1cccc2ncccc12,8.54,None
CCOC(=O)COc1ccc(Oc2ccc(O)c(C[NH3+])c2)c(Cl)c1Cl,8.55,None
OB(O)c1cccc(O)c1,8.55,None
O=[N+]([O-])c1cc2cc(O)ccc2cc1Cl,8.56,None
N#CSc1ccc(O)cc1,8.57,None
Sc1cc2ccccc2cn1,8.58,None
CCCCCCc1c(-c2ccccc2)n[nH]c1O,8.6,None
O=C(NO)c1ccccn1,8.6,None
O=C1C=C(S(=O)(=O)[O-])C(=NO)c2cn[nH]c21,8.6,None
CN1CC(O)C2=CC(=NO)C(=O)C=C21,8.6,None
C[NH2+]CCCNC(=O)C=NO,8.61,None
NC(=O)c1ccccc1O,8.61,None
COc1ccc(O)c(Br)c1,8.62,None
CCC[NH+](CCC)CCS,8.62,None
CC1=NS(=O)(=O)c2cc(Cl)ccc2N1,8.62,None
Cc1cccc(O)c1C(=O)Oc1ccccc1,8.63,None
NS(=O)(=O)c1ccc([N+](=O)[O-])cc1,8.63,None
N#Cc1cccc(O)c1,8.63,None
Oc1cccc2c1-c1ccccc1-2,8.64,None
Cn1c(=O)[nH]c2ncn(C)c2c1=O,8.65,None
Oc1cccc2cncnc12,8.65,None
O=S(=O)(Cc1ccccc1)c1ncc[nH]1,8.67,None
Oc1ccc2c(cnc3ccccc32)c1,8.68,None
C[NH+](C)CCCNC(=O)C=NO,8.68,None
COc1ccc(O)cc1[N+](=O)[O-],8.68,None
CN(CCC[NH+](C)C)C(=O)C=NO,8.68,None
Oc1cncc2ccccc12,8.68,None
CC(=O)CC(=O)c1ccccc1,8.69,None
Oc1ccc2cccc(Cl)c2c1,8.69,None
Nc1ccc(P(=O)(Nc2nccs2)OCC(F)(F)F)cc1,8.7,None
O=C(CC(=O)c1ccc([N+](=O)[O-])cc1)Nc1ccccc1,8.7,None
CCc1ccc(OC)c(C(=O)NCC2CCC[NH+]2CC)c1O,8.7,None
CC(C)C1NC(=S)NC1=O,8.7,None
CC1(C)CCC(=O)N1O,8.7,None
CC1(C)CC(O)[N+](C)(C)C1,8.7,None
C[N+](C)(C)Cc1ccccc1O,8.71,None
CC1(C)NC(=S)NC1=O,8.71,None
CC(C)CCC[NH+](C)CCCNC(=O)C=NO,8.72,None
Oc1oc(-c2ccccc2)nc1Cc1ccccc1,8.72,None
CC[NH+](C)CCCNC(=O)C=NO,8.72,None
CCOC(=O)COc1ccc(Cc2ccc(O)c(C[NH3+])c2)c(Cl)c1Cl,8.73,None
CC(=O)N(C)O,8.73,None
CSc1ncnc2nc[nH]c12,8.74,None
C[NH+](C)CCc1ccccc1O,8.75,None
C[N+](C)(C)Cc1ccc(O)cc1,8.75,None
CS(=O)c1cccc(O)c1,8.75,None
CC[NH+](CC)CCCNC(=O)C=NO,8.75,None
Cc1ncnc2c(O)cccc12,8.75,None
CCN(CC)C(=S)NC(=O)c1ccc(C)cc1,8.77,None
O=CNO,8.77,None
ON=C1CCCc2nonc21,8.78,None
Oc1ccc2c(c1)ncc1ccccc12,8.79,None
O=C1NC(=S)NC12CCCCC2,8.79,None
Cc1cn(C2CC(O)C(CO)O2)c(=O)[nH]c1=S,8.8,None
CC1=CC(=O)C(C(C)C)=CC1=Nc1ccc(O)cc1,8.8,None
CC(C#[N+][O-])=NO,8.8,None
O=Cc1ncnc2nc[nH]c12,8.8,None
O=C1NC(=O)c2c1cccc2[N+](=O)[O-],8.8,None
O=[N+]([O-])c1ccc2ccc(O)cc2c1,8.81,None
Oc1ccc(F)cc1C[NH+]1CCCCC1,8.81,None
Oc1ccc2nc3ccccc3cc2c1,8.81,None
Nc1cccc(B(O)O)c1,8.81,None
C[NH+](C)CCCCNC(=O)C=NO,8.81,None
CCCc1ncnc2c(O)cccc12,8.82,None
NC(=O)C1CCCN1,8.82,None
Oc1ccc2ncccc2c1,8.82,None
CCOc1ccc(C(=O)NC(=S)N(CC)CC)cc1,8.83,None
N#Cc1cccc(S(N)(=O)=O)c1,8.84,None
O=c1cc(-c2ccccc2O)oc2ccccc12,8.85,None
CC(=O)CC(C)=O,8.85,None
CC(=O)NC1CC(=O)NC1=O,8.85,None
CC1CC(=O)N(O)C1(C)C,8.85,None
Oc1ccc2cccnc2c1,8.85,None
CC(=O)C(=NO)c1ccccc1,8.85,None
O=Cc1cccc(O)c1,8.86,None
COC(=O)C(=NO)c1ccccc1,8.87,None
COc1ccc(NS(=O)(=O)c2ccccc2)cc1,8.88,None
Cn1ccnc1CS,8.88,None
C[NH+](C)Cc1cccc(O)c1,8.88,None
C[NH+](C)CCCCCNC(=O)C=NO,8.88,None
Oc1ccc2ccncc2c1,8.88,None
Nc1ccc(S(=O)(=O)Nc2ccccc2)cc1,8.89,None
C[n+]1ccc(-c2nc3ccccc3[nH]2)cc1,8.89,None
COc1ccc(C=O)cc1O,8.89,None
CC(=O)Nc1nnc(-c2ccccc2)s1,8.9,None
CC1=CC(=Nc2ccc(O)cc2)C=C(C)C1=O,8.9,None
NC(=O)C1CCCCN1,8.9,None
CC(C)=CC(=O)C=NO,8.9,None
Cc1ccc2[nH]nnc2c1,8.9,None
Cc1ccc(C(=O)NO)cc1,8.9,None
COc1ccccc1C(=O)NO,8.9,None
COc1cc(C=Nc2ncc3nc[nH]c3n2)ccc1O,8.91,None
O=C(CC(=O)c1ccccc1)Nc1ccc([N+](=O)[O-])cc1,8.91,None
CSc1ncc2[nH]cnc2n1,8.91,None
c1ncc2[nH]cnc2n1,8.92,None
O=[N+]([O-])c1cc2nc[nH]c2cc1[N+](=O)[O-],8.92,None
C[NH+](C)CCCCCCNC(=O)C=NO,8.93,None
Cc1nc(-c2ccccc2)oc1O,8.94,None
COc1cc(S(C)=O)ccc1-c1nc2nccnc2[nH]1,8.94,None
NS(=O)(=O)c1ccc(Cl)c(Cl)c1,8.94,None
Oc1cccc(Cl)c1,8.96,None
C[NH+](C)CCCCCCCCNC(=O)C=NO,8.97,None
C[NH+](C)CCCCCCCNC(=O)C=NO,8.98,None
NS(=O)(=O)c1cccc(C(F)(F)F)c1,8.98,None
CC(=O)c1cc(C(C)=O)[nH]n1,8.98,None
Cc1cc(C)c([N+](=O)[O-])c(C)c1O,8.98,None
COC(=O)CC(=O)c1cccnc1,8.98,None
C[NH+](C)CCCCCCCCCNC(=O)C=NO,8.99,None
Oc1cccc(Br)c1,8.99,None
CCn1cccc(O)c1=O,8.99,None
O=C(c1ccccc1)c1cccc(O)c1,9,None
CC(=O)c1cc(C(=O)c2ccccc2)n[nH]1,9.01,None
O=[N+]([O-])c1ccc(-c2ccc(O)cc2)cc1,9.01,None
O=[N+]([O-])c1ccc2c(c1)Cc1cc(O)ccc1-2,9.01,None
C[NH+](C)CCCCCCCCCCNC(=O)C=NO,9.02,None
Oc1cccc(I)c1,9.02,None
O=C1NC(=O)C(Cc2ccccc2)N1,9.03,None
NC(=O)C1CC2CCN1CC2,9.04,None
Nc1ccc(NS(=O)(=O)c2ccccc2)cc1,9.05,None
CCCCCCCCCCCCCC(=O)N(O)c1ccccc1,9.05,None
O=[N+]([O-])C=Cc1cccc(O)c1,9.05,None
CCOC(=O)c1cccc(O)c1,9.05,None
CN1CCC23c4c5ccc(O)c4OC2C(O)C=CC3C1C5O,9.06,None
O=[N+]([O-])C(CO)CO,9.07,None
CC(=O)CC(=O)CC(C)C,9.07,None
Oc1ccc2ccc(Cl)cc2c1,9.09,None
COc1ccc(O)cc1Br,9.09,None
Cc1cc(C)c(N=Nc2c(C)cc(O)cc2C)c(C)c1,9.1,None
NC(=O)NN=Cc1ncnc2nc[nH]c12,9.1,None
CCCCN(C(=O)c1ccc(O)cc1)c1ccc(N=Nc2ccc3c(c2)OCCOCCOCCOCCOCCO3)cc1,9.12,None
O=C1CNC(=O)N1,9.12,None
NC(=O)c1ccc(N)cc1O,9.12,None
CC(=O)c1cccc(O)c1,9.12,None
NCCNC(=O)c1ccccc1,9.13,None
Cc1cc(=O)oc2ccc(O)cc12,9.14,None
CCC(=O)c1cc(C(=O)c2ccccc2)n[nH]1,9.14,None
NNC(=O)C1(F)C(F)(F)C(F)(F)C(F)(F)C(F)(F)C1(F)F,9.14,None
CCOC(=O)c1c(C)nc(C)c(C(=O)OCC)c1-c1ccc(NS(=O)(=O)c2ccc(N)cc2)cc1,9.15,None
CC(=O)[n+]1ccc(N)cc1,9.15,None
COC(=O)[n+]1ccc(N)cc1,9.15,None
Oc1ccc2cnccc2c1,9.15,None
CC(=NO)C(=O)CO,9.16,None
COc1ncnc2nc[nH]c12,9.16,None
Oc1ccccc1C=Nc1ncc2nc[nH]c2n1,9.19,None
CC1(C)NC(=O)NC1=O,9.19,None
NS(=O)(=O)c1cccc([N+](=O)[O-])c1,9.19,None
CCCCCCCC(=O)NO,9.19,None
COP(=O)(Nc1nccs1)c1ccc(N)cc1,9.2,None
Oc1ccc2cc(Br)ccc2c1,9.2,None
Cc1csc(-c2cccc(NS(=O)(=O)c3ccc(N)cc3)c2)n1,9.2,None
CCCCCCCc1c(-c2ccccc2)n[nH]c1O,9.2,None
CC(=O)c1ccccc1NN=C(C(=O)c1ccccc1)C(=O)c1ccccc1,9.2,None
CCCCCC(=O)CC(C)=O,9.2,None
Cc1ncnc2nc[nH]c12,9.21,None
Oc1ccc2ncsc2c1,9.21,None
CC(=Nc1ccccc1O)c1ccccc1O,9.23,None
Nc1ccccc1B(O)O,9.23,None
C[NH+](C)CCc1cccc(O)c1,9.24,None
CCCCOC(=S)NC(C)=O,9.25,None
CN1C(=S)NC(=O)C12CCCCC2,9.25,None
CC(=NO)C(=O)c1ccccc1,9.25,None
CN1c2ccccc2Nc2c(O)cccc21,9.26,None
S=C(Nc1ccc(Cl)c(Cl)c1)c1cccc(Br)c1,9.26,None
O=C1C(=C2C=CC=CN2)C(=O)c2cc([N+](=O)[O-])ccc21,9.26,None
Cn1ncc2c(=O)[nH]cnc21,9.26,None
Cn1c(=O)c2cn[nH]c2n(C)c1=O,9.26,None
O=C(Cc1ccccc1)NO,9.26,None
Oc1ccc2ccc3ccccc3c2c1,9.28,None
Cc1cccc(O)c1O,9.28,None
COc1cccc(O)c1O,9.28,None
Oc1ccc(Br)cc1,9.29,None
Oc1ccc(Cl)cc1,9.29,None
CN(C)c1cccc(C(=NO)C(F)(F)F)c1,9.3,None
O=C(c1ccccc1)c1ccccc1O,9.3,None
CC(=O)C(C)=NO,9.3,None
O=C(NO)C1C2CCC(O2)C1C(=O)NO,9.3,None
O=c1ccn(C2CC(O)C(CO)O2)c(=O)[nH]1,9.3,None
Oc1ccc(O)c2ncccc12,9.3,None
Oc1ccc2cc(Cl)ccc2c1,9.31,None
CC(=O)C(C(C)=O)c1ccccc1,9.32,None
Oc1ccc(I)cc1,9.32,None
COC(=O)CCS,9.33,None
CCCOC(=S)NC(C)=O,9.34,None
NS(=O)(=O)c1ccc(F)cc1,9.34,None
CCOC(=O)c1ccc(O)cc1,9.34,None
Nc1cc2ccccc2cc1O,9.35,None
Oc1ccc2cn[nH]c2c1,9.35,None
CCC(=O)CC(C)=O,9.36,None
Cc1nc2ncncc2[nH]1,9.37,None
Oc1ccc2cccc(-c3ccccc3)c2c1,9.38,None
O=c1[nH]cnc2[nH]ncc12,9.38,None
CCC(=NO)C(C)=O,9.38,None
CC(=O)Nc1cccc(O)c1,9.38,None
COc1cccc(S(N)(=O)=O)c1,9.39,None
O=[N+]([O-])CCO,9.4,None
NC(=NO)c1ncnc2nc[nH]c12,9.4,None
CCN=C(N=[N+]=[N-])c1ccccc1O,9.4,None
Cc1cccc2ccc(O)cc12,9.42,None
C[N+](C)(C)CCc1cccc(O)c1,9.43,None
Nc1ccc(S(=O)(=O)Nc2nccc(N)n2)cc1,9.44,None
Oc1cccc2ccccc12,9.44,None
Cc1ccc(C(=O)Oc2ccccc2)c(O)c1,9.44,None
O=S(=O)([O-])c1c(O)ccc2cn[nH]c12,9.45,None
C[NH+](C)CCc1ccc(O)cc1,9.46,None
CCC(=O)NO,9.46,None
CC(O)=CC(N)=O,9.46,None
CC(=O)CC(=O)C(C)C,9.46,None
Cc1nccc2c1[nH]c1cc(O)ccc12,9.47,None
Oc1ccc(-c2ccccc2)cc1,9.47,None
OCCS,9.47,None
CCCC(=O)NO,9.48,None
COC(=O)C=C(C)O,9.48,None
CSC1=NC(C)(C)C(O)=N1,9.48,None
Cc1ccc(S(=O)(=O)NCCC(N)=[NH2+])cc1,9.49,None
NC(=O)CCCCCCCCC(=O)NO,9.49,None
Cc1nc(C(=O)[O-])ccc1O,9.49,None
Nc1c[nH]nc1[N+](=O)[O-],9.5,None
CC(=O)NCCS,9.5,None
Nc1ncccc1O,9.5,None
NS(=O)(=O)c1ccc(Cl)cc1,9.5,None
CSc1ccc(O)cc1,9.5,None
SCCNc1ccccc1,9.5,None
c1ccc(CSc2ncn[nH]2)cc1,9.5,None
Oc1ccc2c(c1)Cc1ccccc1-2,9.51,None
S=C(Nc1ccc(Cl)c(Cl)c1)c1ccc(Cl)cc1,9.51,None
COc1cccc(O)c1,9.51,None
Cc1cccc(S(N)(=O)=O)c1,9.51,None
Cc1ccc2ccc(O)cc2c1,9.52,None
[O-][n+]1ccc(NO)c2ccccc21,9.52,None
O=C1NC(=O)C2CCCC12,9.53,None
CCc1cccc2ccc(O)cc12,9.54,None
O=C(CC(=O)c1ccccc1)Nc1cccc([N+](=O)[O-])c1,9.54,None
O=C(CC(=O)c1ccccc1)Nc1ccccc1[N+](=O)[O-],9.54,None
O=C(CC(=O)c1ccccc1)Nc1ccccc1,9.54,None
SCc1c[nH]cn1,9.54,None
c1ncc2cn[nH]c2n1,9.54,None
C1COCCOCc2n[nH]c(n2)COCCOCCO1,9.55,None
CNc1nc2ncncc2[nH]1,9.56,None
CCCCCC(=O)NO,9.58,None
CC(C)[NH2+]CCc1ccc(O)cc1,9.59,None
Oc1cccc(-c2ccccc2)c1,9.59,None
CC(C)(C)C(=O)NO,9.59,None
Oc1ccc2ccccc2c1,9.6,None
CN1C(=O)NC(=Cc2ccccc2)C1=O,9.6,None
Cc1cc(Cl)ccc1O,9.6,None
CCc1cc(O)cc(C)c1Cl,9.6,None
CCCCCCC(=O)NO,9.62,None
Cc1ccc(S(N)(=O)=O)cc1C,9.62,None
O=C1NC(=O)C2CCC12,9.63,None
C[N+](C)(C)CCCc1cccc(O)c1,9.64,None
CCOC(=O)C(C)=NO,9.64,None
CSc1ncnc2[nH]ncc12,9.65,None
O=S(=O)([O-])c1cc(O)cc2cn[nH]c12,9.65,None
OCc1cccc(CO)c1O,9.66,None
CC(=O)Oc1cccc2cccc(O)c12,9.69,None
CC(=O)C(Cc1ccc(C#N)cc1)C(C)=O,9.69,None
CCC(=O)c1cc(C(=O)C(C)(C)C)n[nH]1,9.7,None
Nc1ccc(P(=O)(Nc2nccs2)Oc2ccccc2)cc1,9.7,None
CCOC(=O)c1c(C)nc(C)c(C(=O)OCC)c1-c1cccc(NS(=O)(=O)c2ccc(N)cc2)c1,9.7,None
Cc1nc2nc([O-])[nH]c(=O)c2[nH]1,9.7,None
NS(=O)(=O)c1ccccc1,9.7,None
COc1ccccc1O,9.7,None
Nc1ccccc1O,9.71,None
O=C1NC(=O)C2CCCCC12,9.72,None
Nc1ccc(S(=O)(=O)Nc2ncc[nH]2)cc1,9.72,None
Nc1n[nH]cc1[N+](=O)[O-],9.73,None
CN(C)c1nc2ncncc2[nH]1,9.73,None
NC(=O)C1CN2CCC1CC2,9.74,None
Cc1cnc2c(O)cccc2c1,9.75,None
Cc1nc([N+](=O)[O-])c[nH]1,9.75,None
Cc1nc2c(O)ccc(O)c2n1C,9.75,None
Oc1cccc2cccnc12,9.77,None
C[N+](C)(C)CCCc1ccccc1O,9.78,None
COc1cc(CO)ccc1O,9.79,None
C[N+](C)(C)CCc1ccc(O)cc1,9.8,None
C[N+](C)(C)CCCc1ccc(O)cc1,9.8,None
C[n+]1c2ccccc2cc2cc(N)ccc21,9.8,None
C=CC(CC(C)(C)C)c1ccc2cccnc2c1O,9.8,None
COc1cc2c(cc1O)C1Cc3cc(OC)c(OC)cc3C(C2)N1C,9.8,None
ON=C(Cl)c1ccccc1,9.8,None
CCC(=O)CC(=O)CC,9.82,None
OCc1ccc(O)cc1,9.82,None
ONc1ncnc2nc[nH]c12,9.83,None
OCc1cccc(O)c1,9.83,None
Cc1n[nH]c2c1c(=O)n(C)c(=O)n2C,9.83,None
Sc1nc2cc3ccccc3cc2[nH]1,9.84,None
CNCC(O)c1cccc(O)c1,9.84,None
Oc1ccc(Cl)cc1CN1CCOCC1,9.85,None
COc1cc2c(cc1OC)C1Cc3ccc(OC)c(O)c3C(C2)N1C,9.85,None
Nc1cccc(O)c1,9.85,None
Cn1cnc2cc(O)ccc21,9.85,None
CC(C(N)=O)S(N)(=O)=O,9.86,None
CC(C)C(=O)CC(=O)C(C)C,9.86,None
Oc1cccc2cc3ccccc3cc12,9.88,None
Oc1ccc(F)cc1,9.88,None
Cc1ccc(S(N)(=O)=O)cc1,9.89,None
CN(C)c1cccc2c(S(N)(=O)=O)cccc12,9.9,None
CC(O)c1cccc(O)c1CO,9.9,None
O=C1NC(=O)c2ccccc21,9.91,None
C=Cc1ccc(O)cc1,9.91,None
COc1ccc(-c2nc3ncncc3[nH]2)c(OC)c1,9.92,None
CC(C)(C(N)=O)S(N)(=O)=O,9.92,None
Cn1cnc2c1c(=O)[nH]c(=O)n2C,9.92,None
OCc1ccccc1O,9.92,None
Cc1ccc(O)c2ncccc12,9.93,None
Nc1ncc2[nH]cnc2n1,9.93,None
COc1ccc(S(N)(=O)=O)cc1,9.93,None
CN(O)C(=O)C(C)(C)C,9.94,None
CC(=O)CC(=O)C(C)(C)C,9.94,None
NC(=O)Nc1ncnc2nc[nH]c12,9.95,None
S=C(Nc1ccc(Cl)c(Cl)c1)c1ccccc1,9.96,None
Oc1ccccc1,9.97,None
Cc1cc(O)c(C(C)C)cc1Cl,9.98,None
Oc1ccccc1-c1ccccc1,9.99,None
C=CCc1ccc(O)c(OC)c1,10,None
CC(=O)CC(=O)Nc1cccc(C)c1,10,None
Cc1c(O)cncc1C1CCCCC1,10,None
C[n+]1c2ccccc2cc2c(N)cccc21,10,None
Nc1ccc([N+](=O)[O-])c(B(O)O)c1,10,None
NN=C(N)c1ncnc2nc[nH]c12,10,None
Cc1cccc(C=NO)n1,10,None
COc1ccc(O)c(N)c1,10,None
ON=C1C=CC(=NO)c2ncccc21,10,None
Fc1cccc(NC(=S)c2cccc(Br)c2)c1,10.01,None
Oc1ccc2[nH]cnc2c1,10.01,None
CC[NH+](CC)Cc1cccc(C)c1O,10.02,None
CC(=O)Nc1ccc(S(N)(=O)=O)cc1,10.02,None
C=CC(CC(C)(C)CC(C)(C)C)c1ccc2cccnc2c1O,10.03,None
O=[N+]([O-])c1ccc(C=NO)cc1,10.03,None
CNc1ncnc2nc[nH]c12,10.04,None
Cc1cnc2c(O)cccc2c1C,10.05,None
Nc1ccc(O)cc1,10.06,None
C=CCc1ccc2cccnc2c1O,10.07,None
O=[N+]([O-])c1ccc(S(=O)(=O)NCc2ccccc2)cc1,10.07,None
COc1cccc(OC)c1O,10.09,None
CC(C)(C)N(O)C(=O)c1ccccc1,10.1,None
c1ccc(CCNc2ncnc3nc[nH]c23)cc1,10.1,None
S=C(Nc1ccc(Cl)cc1)c1cccc(Br)c1,10.1,None
COc1ccc2c(c1O)-c1c3c(cc4c1C(C2)N(C)CC4)OCO3,10.1,None
NCc1ccccc1S(N)(=O)=O,10.11,None
O=[N+]([O-])c1ccc(NC=S)cc1,10.11,None
Cc1cc(N)c2ccccc2c1O,10.12,None
COc1ccc(C(=S)Nc2ccc(Cl)c(Cl)c2)cc1,10.14,None
ON=Cc1ccccn1,10.14,None
NCc1cccc(S(N)(=O)=O)c1,10.14,None
Nc1ncnc2cn[nH]c12,10.15,None
NCc1ccc(S(N)(=O)=O)cc1,10.15,None
Cc1ccc(O)c(CO)c1,10.15,None
COc1ccc(O)c(C)c1,10.16,None
CN(C)c1ccc(O)cc1,10.16,None
O=[N+]([O-])c1cccc(C=CC=NO)c1,10.16,None
Cc1cc2cccc(O)c2nc1C,10.2,None
c1nc(NC2CCCCC2)c2[nH]cnc2n1,10.2,None
CCC=CCc1nc(C(=O)[O-])cn1C(C(=O)[O-])C(C)(C)S,10.2,None
CC(C)N(CCC(C(N)=O)(c1ccccc1)c1ccccn1)C(C)C,10.2,None
Nc1nc(N)nc([S-])n1,10.2,None
CSc1nc(N)c2[nH]cnc2n1,10.2,None
CC(C)(C)c1ccc2c(c1)C(=O)NC2=O,10.21,None
Cc1ccccc1NC(=S)c1ccccc1,10.21,None
CC(=O)C1CCCCC1=O,10.21,None
Cc1ccc(O)cc1,10.22,None
Cc1ccccc1O,10.22,None
CN(C)c1ncc2[nH]cnc2n1,10.22,None
CCCCCOc1ccc(O)cc1,10.23,None
O=C([O-])C=NO,10.23,None
CN(C)C=Nc1cccc(O)c1,10.23,None
CCCOc1ccc(O)cc1,10.23,None
S=C(Nc1ccc(Br)cc1)c1ccc(Cl)cc1,10.24,None
S=c1[nH]c2ccccc2[nH]1,10.24,None
COc1ccc(O)cc1,10.24,None
COc1ccc(O)cc1C,10.24,None
S=C(Nc1ccc(Cl)cc1)c1ccc(Cl)cc1,10.25,None
CS(=O)(=O)c1ccc(S(=O)(=O)NCc2ccccc2)cc1,10.25,None
C=CC1CNC(=S)O1,10.25,None
CC(C)(C)c1ccc(O)cc1,10.27,None
Oc1ccccc1CN1CCOCC1,10.27,None
Fc1cccc(NC(=S)c2ccccc2)c1,10.29,None
Oc1ccc2c(c1)CCC2,10.29,None
Nc1cccc2c(O)cccc12,10.3,None
Cc1cc(O)ccc1N=Nc1ccc2c(c1)Cc1ccccc1-2,10.3,None
O=[N+]([O-])c1cccc(NC=S)c1,10.3,None
Cc1cc(O)ccc1C(C)C,10.31,None
Fc1ccc(NC(=S)c2cccc(Br)c2)cc1,10.32,None
Oc1ccc2c(c1)CCCC2,10.33,None
Cc1nc(Cc2ccccc2)c(O)o1,10.34,None
Cc1ccc(C(C)C)cc1O,10.35,None
Cc1ccc(C)c(O)c1,10.36,None
O=C1CSc2ncnc(N3CCOCC3)c2N1,10.37,None
CC(=O)c1ccccc1O,10.37,None
Nc1ccc(O)c(N)c1,10.4,None
Cc1cc(N)c(O)cc1C,10.4,None
Fc1ccc(NC(=S)c2ccc(Cl)cc2)cc1,10.41,None
ON=Cc1ccnc2ccccc12,10.42,None
S=C(Nc1ccc(Br)cc1)c1ccccc1,10.42,None
C=C(C)C=C(C)O,10.42,None
Cn1c(N)nc2nc[nH]c2c1=O,10.43,None
O=[N+]([O-])c1cccc2c[n+](CCCO)ccc12,10.45,None
Oc1cccc2c1CCCC2,10.46,None
COc1cc(CN)ccc1O,10.47,None
S=C(Nc1ccccc1)c1cccc(Br)c1,10.49,None
Cc1cccc2c1C(=O)NC2=O,10.49,None
CC(=O)c1ccccc1NN=C1C(=O)CC(C)(C)CC1=O,10.5,None
Cc1cccnc1C=NO,10.5,None
CN(C)c1ncnc2nc[nH]c12,10.5,None
C=CCc1c(C)nn(C)c1O,10.5,None
O=C([O-])C=CC([O-])=CC(=O)CC(=O)[O-],10.5,None
Cc1cccc(O)c1C,10.51,None
NC(=O)c1ccncc1,10.52,None
ON=Cc1ccc(Cl)cc1,10.54,None
CN(C)C=Nc1ccc(O)cc1,10.54,None
CNc1ncnc2[nH]ncc12,10.55,None
O=S(=O)([O-])c1c(O)ccc2[nH]ncc12,10.55,None
Cc1cc(C(C)C)ccc1O,10.56,None
CCCS,10.56,None
Cc1ccc(O)c(C)c1,10.56,None
C[n+]1ccccc1C(C)(O)O,10.57,None
CONc1cc(=O)n(C)c(=O)n1C,10.58,None
O=[N+]([O-])c1ccc2[nH]cnc2c1,10.58,None
Cc1cc(C)c2cccc(O)c2n1,10.6,None
CCCCCCCCCc1c(O)n[nH]c1-c1ccccc1,10.6,None
c1ccc2c(c1)[nH]c1c2cc[n+]2cc3c(cc12)CCCC3,10.6,None
COC(=O)CC(C)=O,10.6,None
Nc1ccc(S(N)(=O)=O)cc1,10.6,None
Cc1cccc(C)c1O,10.6,None
CNCCc1ccc(O)c(O)c1,10.61,None
Oc1ccccc1-c1ccccn1,10.63,None
Cc1ccc(C(=S)Nc2cccc(F)c2)cc1,10.63,None
Cc1cc(C)c(C)c(O)c1,10.64,None
CCOC(=O)CC(C)=O,10.66,None
ONc1ccccc1,10.68,None
CC(C)(C)Cc1ccccc1O,10.69,None
COC(=O)C1C(O)CCC2C[n+]3ccc4c([nH]c5ccccc54)c3CC21,10.69,None
CCC(=NO)NO,10.7,None
ON=C(NO)c1ccccc1,10.7,None
ON=C(Cc1ccccc1)NO,10.7,None
CC(C)(C)Cc1ccc(O)cc1,10.71,None
CC(C)(C=CC(=O)[O-])c1ccccc1O,10.71,None
O=S(=O)(NCc1ccccc1)c1ccc(Br)cc1,10.71,None
S=C(NC(=S)c1ccccc1)Nc1ccccc1,10.72,None
Cc1ccc(O)c(C(C)C)c1,10.73,None
CCOC(=O)CC(=O)c1ccc(C)cc1,10.73,None
CC(=NO)NO,10.75,None
NC(=S)Nc1ccc([N+](=O)[O-])cc1,10.75,None
Cc1cc(C)c(C(C)C)cc1O,10.76,None
CCc1cc(C(C)C)ccc1O,10.77,None
Fc1ccc(NC(=S)c2ccccc2)cc1,10.77,None
Nc1nc(N)c2[nH]cnc2n1,10.77,None
CCCCS,10.78,None
FC(F)(F)c1cccc(NC=S)c1,10.78,None
Cc1cc(O)c(C(C)C)cc1C,10.79,None
Nc1nc(N)c2[nH]c(N)nc2n1,10.79,None
CC(=O)C(C)C(C)=O,10.79,None
Cc1ccc(C(=S)Nc2ccc(Cl)cc2)cc1,10.8,None
CN1C(=O)C(C)(C)NC1=S,10.8,None
S=CNc1ccc(Cl)cc1,10.8,None
S=CNc1cccc(Cl)c1,10.8,None
Cc1ccc(C(=S)Nc2ccc(Br)cc2)cc1,10.81,None
Cc1ccc(NC(=S)c2ccccc2)cc1,10.81,None
COC(=O)c1cccc(NC=S)c1,10.81,None
CCN(CC)Cc1ccccc1O,10.82,None
Oc1ccccc1CN1CCCC1,10.83,None
Nc1cc(N)c2cccnc2c1O,10.83,None
Oc1ccccc1C1CCNCCNCCCNCCN1,10.84,None
Nc1ncnc2[nH]ncc12,10.84,None
[O-]B(O)c1cccc(O)c1,10.84,None
CCc1c(O)ccc(C(C)C)c1C,10.85,None
S=C(Nc1ccc(Cl)cc1)c1ccccc1,10.85,None
O=[N+]([O-])c1ccc(C(=NO)c2ccccc2)cc1,10.85,None
COc1ccc(C=NO)cc1OC,10.85,None
C=C(C)C=C(O)C=C(C)C,10.85,None
CCN(CC)Cc1cc(OC)ccc1O,10.86,None
Cc1ccccc1C(=S)Nc1ccccc1,10.87,None
Oc1cccc2c1Nc1ccccc1N2,10.88,None
Nc1ccc(S(=O)(=O)NCc2ccco2)cc1,10.89,None
Cc1ccc(NC(=S)c2cccc(Br)c2)cc1,10.89,None
NC(=S)C(N)=S,10.89,None
COc1ccccc1C=NO,10.89,None
Cn1nc(-c2ccccc2)cc1O,10.9,None
Cc1nn(C)c(O)c1-c1ccccc1,10.9,None
Cc1nn(C)c(O)c1Cc1ccccc1,10.9,None
COc1cccc(OC)c1-c1nc2cnccc2[nH]1,10.9,None
CC1=CC(C)(C)SC(=S)N1,10.9,None
CCNc1ncnc2[nH]ncc12,10.9,None
Cc1cc(C)c(O)c(C)c1,10.9,None
O=C([O-])c1c(O)ccc2ccccc12,10.92,None
c1ccc(CNc2ncnc3[nH]ncc23)cc1,10.93,None
COc1ccc(C(=S)Nc2ccc(Cl)cc2)cc1,10.93,None
Oc1c(C(Nc2nc3ccccc3s2)c2ccccn2)ccc2cccnc12,10.94,None
[S-]c1ncnc2nc[nH]c12,10.94,None
Cc1ccc(C=NO)cc1,10.94,None
COC(=O)c1ccc(NC=S)cc1,10.95,None
Cc1ccc(C(=S)Nc2ccc(F)cc2)cc1,10.97,None
C=C(C=C(C)O)C(C)(C)C,10.97,None
COc1ccc(C=NO)cc1,10.98,None
CC(C)Nc1ncnc2[nH]ncc12,10.99,None
Nc1c2c(ncn2Cc2ccccc2)nc[n+]1[O-],11,None
CCCCCCCCCCc1c(-c2ccccc2)n[nH]c1O,11,None
CN(C)c1ncnc2[nH]ncc12,11,None
CN(C)C=Nc1ccccc1O,11.02,None
S=C1NCCO1,11.05,None
COc1cccc(CN)c1O,11.06,None
CC(=S)Nc1ccc(Cl)cc1,11.06,None
Nc1ccc(-c2ccc(N=Cc3ccccc3O)cc2)cc1,11.07,None
c1cnc2nc[nH]c2c1,11.08,None
Cc1cccc(CN(C)C)c1O,11.1,None
CC(C)(C)c1cc(C=CC(=O)[O-])cc(C(C)(C)C)c1O,11.1,None
NC(=S)Nc1cccc([N+](=O)[O-])c1,11.1,None
Cc1n[nH]c2ncnc(N)c12,11.11,None
O=c1cc[nH]cc1,11.12,None
CC(=O)C(C)C(=O)c1ccccc1,11.13,None
CC(C)(C)S,11.14,None
Cc1cc(C)c(O)c(C(C)C)c1,11.18,None
OC(CBr)(Oc1ccccc1)c1ccccc1,11.18,None
CN(C)c1ccc(C(=S)Nc2ccccc2)cc1,11.18,None
CC1CC(C)C(=O)C(C(O)CC2CC(=O)NC(=O)C2)C1,11.2,None
C=CC(C)=CC(C)C(=O)CC(O)CC1CC(=O)NC(=O)C1,11.2,None
c1cncc(-c2nc3ccccc3[nH]2)c1,11.21,None
CCCCNc1ncnc2[nH]ncc12,11.21,None
O=C1CC(c2ccccc2)NC(=O)N1,11.22,None
Cc1ccc(O)c(CN(C)C)c1,11.22,None
Cc1ccc(OC(O)(CBr)c2ccccc2)cc1,11.23,None
CN1C(=O)C2(CCCCC2)NC1=S,11.23,None
CN1Cc2[nH]cnc2N(C)C1=O,11.25,None
Fc1ccc(NC=S)cc1,11.25,None
COc1cccc(OC)c1-c1nc2ncccc2[nH]1,11.26,None
COc1ccc(C(=S)Nc2ccccc2)cc1,11.27,None
CNc1nc(C)nc2[nH]ncc12,11.27,None
Cc1nn(-c2ccccc2)c(O)c1C,11.3,None
ON=C(c1ccccc1)c1ccccc1,11.3,None
NNC(=O)CF,11.3,None
O=C1[N-]C(=S)NC(=O)C1C1C=CCCC1,11.31,None
CCC(C(C)=O)C(C)=O,11.33,None
NC(=NO)C(N)=NO,11.34,None
CN(C)c1ccc(C=NO)cc1,11.34,None
CCOC(C)=NO,11.37,None
Cc1n[nH]c(O)c1-c1ccccc1,11.4,None
Cc1ccc(S(=O)(=O)NC(CC(N)=O)C(=O)[O-])cc1,11.4,None
Oc1c2c(nn1-c1ccccc1)CCCC2,11.4,None
CCCc1c(C)nn(-c2ccccc2)c1O,11.4,None
CC(C)N(Cc1ccccc1O)C(C)C,11.4,None
CN1CC(=O)NC1=O,11.4,None
CNc1nc(SC)nc2[nH]ncc12,11.4,None
O=C([O-])CNS(=O)(=O)c1ccccc1,11.4,None
Oc1cc(-c2ccccc2)n[nH]1,11.4,None
CCCC(C)C1C(=O)NC(=S)N=C1[O-],11.41,None
CC(=NO)C(=O)[O-],11.43,None
OCc1nc2cc(Cl)ccc2[nH]1,11.46,None
CN(C)Cc1cc(C(C)(C)C)ccc1O,11.48,None
CN(C)Cc1cc(CC(C)(C)C)ccc1O,11.48,None
CN(C)Cc1cc(OCc2ccccc2)ccc1O,11.48,None
CCc1c(C)nn(-c2ccccc2)c1O,11.5,None
Cc1ccc(C(=S)Nc2ccccc2)cc1,11.5,None
CC(=Cc1cc(C(C)(C)C)c(O)c(C(C)(C)C)c1)C(=O)[O-],11.5,None
NNC(=O)c1cccnc1,11.5,None
Cc1ccc2[nH]c(CO)nc2c1,11.5,None
O=C1NCc2[nH]cnc2N1,11.52,None
CCNC(=S)OC(C)C,11.52,None
Cc1cccc(NC=S)c1,11.55,None
CC(=O)c1cc(C)c(C)cc1O,11.56,None
CNC(=S)OC(C)C,11.56,None
Cc1nn(-c2ccccc2)c(O)c1C(C)C,11.6,None
Cc1nn(-c2ccccc2)c(O)c1C1CCCCC1,11.6,None
Nc1nc([S-])c2[nH]cnc2n1,11.6,None
[O-]c1ncncc1O,11.61,None
Oc1nc2cc3ccccc3cc2[nH]1,11.62,None
Cc1ccc(NC=S)cc1,11.64,None
O=C(c1ccc([N+](=O)[O-])cc1)c1cc[nH]n1,11.68,None
COc1cnccc1C(O)O,11.7,None
COc1ccc(NC=S)cc1,11.74,None
CN(C)c1cccc(NC=S)c1,11.78,None
Cc1ccc(S(=O)(=O)NC(CCC(N)=O)C(=O)[O-])cc1,11.8,None
OC(c1ccncc1)(c1ccncc1)c1ccncc1,11.8,None
CCOO,11.8,None
CC(=O)C(C)C(=O)C(C)C,11.8,None
CCOC(=O)C(Cc1ccccc1)C(C)=O,11.81,None
CC(C)(C)c1cc(C=CCl)cc(C(C)(C)C)c1O,11.82,None
NNC(=O)c1ccccn1,11.84,None
NC(=S)c1ccc([N+](=O)[O-])cc1,11.84,None
COc1ccc(NC(=S)c2ccc(OC)cc2)cc1,11.85,None
CC(=O)c1cc[nH]n1,11.85,None
CN1CCC(=O)NC1=O,11.86,None
CCOC(=O)C(Cc1cccc(C)c1)C(C)=O,11.87,None
CCOC(=O)C(Cc1ccc(C)cc1)C(C)=O,11.88,None
CNC(=N)CCNS(=O)(=O)c1ccc(C)cc1,11.9,None
Cc1nn(-c2ccccc2)c(O)c1-c1ccccc1,11.9,None
O=C1Nc2ccccc2C1=O,11.9,None
CCOC(=O)C1CCCCC1=O,11.9,None
C=C(C)C1=C(O)CC(C)CC1,11.95,None
COc1ccc(NC(C)=S)cc1,11.96,None
O=C(c1ccccc1)c1cc[nH]n1,11.97,None
OCCC[n+]1cc(Br)c2ccccc2c1,11.99,None
NC(=S)Nc1cccc(Cl)c1,12,None
Cc1ccc(C(=O)c2cc[nH]n2)cc1,12.02,None
COc1cc(S(C)=O)ccc1-c1nc2[nH]ncc2[nH]1,12.02,None
c1ccc(-c2nc3ccccc3[nH]2)nc1,12.05,None
OCc1nc2ccccc2[nH]1,12.09,None
CC(C)OO,12.1,None
[O-]c1ncnc2nc[nH]c12,12.1,None
CC(=O)c1cccc(NC(N)=S)c1,12.1,None
NC(=O)c1ccccn1,8.9,None
CCSC(C)(O)O,12.13,None
COCC(=O)NN,12.14,None
S=C(NCc1ccccc1)c1ccccc1,12.16,None
CCc1c(O)nn(-c2ccccc2C(=O)[O-])c1C,12.2,None
Oc1cc(-c2ccccc2)nn1-c1ccccc1,12.2,None
OC(O)c1ccncc1,12.2,None
Oc1nc2cc3c(cc2[nH]1)CCCC3,12.21,None
CCc1c(O)nn(-c2ccccc2)c1C,12.3,None
COc1cc(C(N)=O)ccc1-c1nc2nn(C)cc2[nH]1,12.3,None
CCOC(=O)c1ccccc1-n1nc(O)cc1C,12.3,None
Cc1nc2c(N)cccc2[nH]1,12.3,None
S=CNCc1ccccc1,12.3,None
Cc1cc(C(F)(F)F)n[nH]1,12.33,None
CCOC(=O)c1ccccc1-n1nc(O)c(CC)c1C,12.4,None
Cc1cc(O)nn1-c1ccccc1C(=O)N1CCCCC1,12.4,None
CO[n+]1ccccc1N,12.4,None
OC(O)c1ccccc1,12.43,None
NNC(=O)c1ccccc1,12.45,None
NNC(=O)c1cccc(N)c1,12.45,None
NC(=S)c1ccc(Br)cc1,12.46,None
O=C([O-])c1ccccc1-n1nc(O)cc1-c1ccccc1,12.5,None
c1ccc2cc3[nH]cnc3cc2c1,12.52,None
c1ccc2c(c1)ccc1nc[nH]c12,12.54,None
CC1=NCCc2c1[nH]c1ccc([N+](=O)[O-])cc21,12.55,None
Nc1ccc(C(=O)[O-])c2ncccc12,12.58,None
c1ccc(-c2c[nH]c(-c3ccccc3)n2)cc1,12.6,None
c1ccc2[nH]cnc2c1,12.63,None
S=C(N=Nc1ccc2ccccc2c1)NNc1ccc2ccccc2c1,12.68,None
Brc1cn[nH]c1,12.69,None
CCOC(=O)C(CC)C(C)=O,12.74,None
Nc1nc2cc3ccccc3cc2[nH]1,12.8,None
CC(C)(C)OO,12.8,None
CC(C)CNC=S,12.8,None
CCC(CC(C)C)OO,12.8,None
NNC(=O)c1ccccc1N,12.8,None
NCc1nc2ccccc2[nH]1,12.8,None
OCO,12.83,None
OC(c1ccccc1)c1ccccn1,12.85,None
CCc1nc2cc3ccccc3cc2[nH]1,12.9,None
Oc1cc(-c2ccccc2)n(-c2ccccc2)n1,12.9,None
COc1cccnc1C(O)O,12.95,None
CSc1nc2cc3c(cc2[nH]1)CCCC3,13,None
CC(=S)NCc1ccccc1,13,None
O=C(NCO)c1ccccc1,13.05,None
OCC[n+]1cc(Br)c2ccccc2c1,13.08,None
O=C([O-])CCc1nc2ccccc2[nH]1,13.1,None
CCOC(=O)Cc1nc2ccccc2[nH]1,13.1,None
OC(c1ccncc1)(c1ccccn1)c1ccccn1,13.13,None
N#CCC[n+]1cccc(C(N)=O)c1,13.16,None
OCC(Cl)Cl,13.18,None
C#CCO,13.28,None
N#CCC[n+]1ccc(C(N)=O)cc1,13.3,None
O=C1CC(Sc2ccccc2)N1,13.33,None
Cc1ccc(SC2CC(=O)N2)cc1,13.45,None
Nc1ccccc1[N+](=O)[O-],13.45,None
c1ccc(-c2c[nH]cn2)cc1,13.48,None
[O-][N+]([O-])=C(CO)CO,13.5,None
C[n+]1c(N)ccnc1[O-],13.5,None
c1ccc(-c2cn[nH]c2)cc1,13.64,None
CC1=NN(c2ccccc2)C(=O)C1=Cc1c(C)nn(-c2ccccc2)c1O,13.8,None
NC(=O)Nc1ccc([N+](=O)[O-])cc1,14,None
OCCO,14.04,None
c1cn[nH]c1,14.18,None
COCCSC(C)O,14.21,None
Nc1ccc2cn[nH]c2c1,14.3,None
OCCCl,14.37,None
c1c[nH]cn1,14.47,None
Cc1nccc2c1[nH]c1ccccc12,14.5,None
COc1ccc2[nH]c3c(C)nccc3c2c1,14.56,None
CC(C)(C)C(=O)NC(O)C(Cl)(Cl)Cl,14.65,None
Cc1cc2nc3ccc(N(C)C)cc3nc2cc1N,14.68,None
COCCO,14.88,None
CC1=NCCc2c1[nH]c1ccccc21,14.9,None
Cc1cc(C)[nH]n1,15,None
COc1ccc2c3c([nH]c2c1)C(C)=NCC3,15.34,None
CO,15.52,None
CCCCO,15.58,None
COc1ccc2c3c([nH]c2c1)C(C)NCC3,15.6,None
Cn1c(CO)nc2ccccc21,15.84,None
CC1NCCc2c1[nH]c1ccc(N)cc21,16,None
CC(C)O,16.14,None
c1cc[nH]c1,16.5,None
CC(C)(C)O,17.03,None
Nc1ccncn1,18.4,None
Nc1ncccn1,20.5,None
Cc1cccc(S(=O)(=O)O)c1,-6.56,None
Sc1[nH+]ccc2ccccc12,-1.9,None
Oc1[nH]c2ccccc2[nH+]1,-1.7,None
Oc1cnc2ccccc2[nH+]1,-1.37,None
[O-]c1[nH+]c(O)c(Br)c[n+]1C1OC(CO)C(O)C1O,-0.9,None
O=C(O)c1cc[n+](O)cc1,-0.48,None
Oc1cncc[nH+]1,-0.1,None
O=C(O)Cc1[nH]c2ccccc2[nH+]1,0.2,None
Oc1ccc2ccccc2[nH+]1,0.31,None
CC(C)CNC(O)=S,0.38,None
CCCNC(O)=S,0.52,None
Oc1cccc[nH+]1,0.75,None
N#CS,0.85,None
CC(O)=C(C#N)C#N,1,None
Cc1ccc[n+](O)c1,1.08,None
CCOc1cccc[n+]1O,1.18,None
COc1cccc[n+]1O,1.23,None
NC1=[NH+]C2CC(N1)[NH2+]C2C(=O)O,1.3,None
Cc1cc(C)c(C(=O)C(=O)O)c(C)c1,1.34,None
O=C(O)c1c(Br)cccc1[N+](=O)[O-],1.37,None
N#Cc1ccc(C(=O)S)cc1,1.42,None
Cc1ccccc1S(=O)O,1.47,None
Cc1c(Cc2c(C)n(C)[n+](-c3ccccc3)c2O)c(=O)n(-c2ccccc2)n1C,1.51,None
O=C(O)C1CSC[NH2+]1,1.58,None
O=C1COC(=O)C1[N+](=O)[O-],1.68,None
Cc1nc(N)cc(O)[nH+]1,1.7,None
C[n+]1cc(O)ccn1,1.74,None
CCOC(=S)S,1.79,None
O=[N+]([O-])c1ccc(S(=O)O)cc1,1.86,None
O=C(O)C#CCl,1.89,None
O=C(O)CSc1[nH]c2cc3ccccc3cc2[nH+]1,1.9,None
C[n+]1ccc(O)nc1,1.91,None
CC#CC#CC(=O)O,1.94,None
O=C(O)c1ccc([N+](=O)[O-])cc1Cl,1.96,None
O[n+]1ccc(OCc2ccccc2)cc1,1.99,None
O=C(O)C#CI,2,None
C[N+]1(CC(=O)O)CCCCC1,2.01,None
O=C(O)c1ccc[nH+]c1,2.03,None
CC1(C)NC(C)(C)[N+](O)=C1c1ccccc1,2.06,None
[NH3+]c1ccccc1C(=O)O,3.59,None
O=C(O)C#CSc1ccccc1,2.11,None
O=C1COC(=O)C1Cl,2.13,None
O=C(C1=C(O)C(=O)c2ccccc2C1=O)c1ccccc1,2.17,None
C[NH2+]C(C)(C)C(=O)O,2.2,None
C[Si](C)(C)C#CC(=O)O,2.21,None
O=S(O)CCCCc1ccccc1,2.23,None
O=C(O)c1ccccc1[N+](=O)[O-],2.23,None
O=C(O)c1c(O)cccc1[N+](=O)[O-],2.24,None
O=C(O)C#Cc1ccccc1,2.26,None
C[n+]1cccc(S)c1,2.27,None
CCC([NH3+])C(=O)O,2.29,None
CC(C)S(=O)O,2.3,None
NC(=O)C(N)C(O)C(=O)O,2.31,None
COc1ccc(-c2c(O)c2=O)cc1,2.33,None
CC(C)C[NH2+]CC(=O)O,2.35,None
N#CC(C(=O)O)C1CCCCC1,2.37,None
CC(=O)C(=O)O,2.39,None
CCC=CCC1=[NH+]C(C(=O)O)C2SC(C)(C)C(C(=O)O)N12,2.4,None
[NH3+]C(Cc1c[nH]c[nH+]1)C(=O)NCC(=O)O,2.4,None
O=C(O)C(F)c1ccccc1,2.45,None
NC(=O)NOCCC([NH3+])C(=O)O,2.5,None
O=P1(O)CCCC1,2.51,None
C=C(F)C(=O)O,2.55,None
Oc1cc[n+](OCc2ccccc2)cc1,2.58,None
NC(=O)NOCC(=O)O,2.6,None
CCCCC#CC(=O)O,2.61,None
CC#CC(=O)O,2.63,None
CCCCCCCC(=O)NC1C(=O)N2C1SC(C)(C)C2C(=O)O,2.66,None
CC=CC#CC(=O)O,2.67,None
O=C(O)C(=O)Cc1ccccc1,2.68,None
O=C1CS(=O)(=O)NC(=O)N1,2.7,None
Cc1cccc(Br)c1C(=O)O,2.71,None
CC([NH3+])C(=O)NC(Cc1c[nH]c[nH+]1)C(=O)O,2.73,None
Fc1cc(F)c(F)c(S)c1F,2.75,None
O=C(O)c1nsc2ccccc12,2.76,None
COc1ccc(C(=O)S)cc1,2.79,None
CC1(C)CCC(C(=O)O)=[N+]1[O-],2.8,None
Cn1nnnc1CC(=O)O,2.83,None
O=C(O)CBr,2.84,None
O=C(O)CCl,2.85,None
CC1CC(C(=O)O)=[N+]([O-])C1(C)C,2.85,None
CCN(c1nnn[nH]1)[N+](=O)[O-],2.86,None
CN(c1nnn[nH]1)[N+](=O)[O-],2.88,None
O=C(O)c1ccccc1-c1nnn[nH]1,2.9,None
Nc1c(C(=O)O)[nH+]cn1C1OC(CO)C(O)C1O,2.9,None
Cc1cc([N+](=O)[O-])ccc1C(=O)O,2.91,None
O=C(O)c1ccccc1I,2.93,None
O=C(O)c1ccc[n+]([O-])c1,2.95,None
[NH3+]CCCCCCNC(=S)S,2.95,None
O=C(O)c1cnc(Br)s1,2.96,None
CC(C)(Cl)C(=O)O,2.97,None
O=C(O)C(O)c1ccc([N+](=O)[O-])cc1,2.99,None
O=C(O)C1OC(Oc2ccc3ccc[nH+]c3c2)C(O)C(O)C1O,3,None
O=C(O)c1cccnn1,3,None
Cc1ccc(Br)c(C(=O)O)c1,3,None
O=C(O)C1OC(Oc2ccc(Br)cc2)C(O)C(O)C1O,3.02,None
CC([NH3+])C(=O)N1CCCC1C(=O)O,3.04,None
CC(=O)c1cc([N+](=O)[O-])ccc1C(=O)O,3.06,None
CCCCC(CC)C(=O)OC1OC(C(=O)O)C(O)C(O)C1O,3.08,None
CNc1cc[nH+]c(S)n1,3.09,None
CC1=C(C)C(=C(C)C(=O)O)CC1=O,3.1,None
O=C(O)C1OC(Oc2ccc(-c3ccccc3)cc2)C(O)C(O)C1O,3.1,None
CC(=O)NS(=O)(=O)c1ccsc1C(=O)O,3.1,None
CC(=O)NS(=O)(=O)c1ccccc1C(=O)O,3.1,None
CN(c1nc([N+](=O)[O-])n[nH]1)[N+](=O)[O-],3.12,None
O=C(O)c1cc([N+](=O)[O-])ccc1CO,3.14,None
O=C(O)C(O)c1ccccc1[N+](=O)[O-],3.15,None
O=C(O)C1CCCN1C(=O)C1CCC[NH2+]1,3.16,None
Cc1ccc([N+](=O)[O-])cc1C(=O)O,3.17,None
Cc1cccc(OCC(=O)O)c1,3.18,None
CC1CCn2nnnc2C(C(=O)O)C1,3.2,None
O=C(O)CSc1ccc([N+](=O)[O-])cc1,3.2,None
CC(=O)N1CCCC1C(=O)O,3.21,None
O=C(O)c1cc([N+](=O)[O-])ccc1Sc1ccccc1,3.22,None
CCCCP(=O)(O)CCCC,3.22,None
Cc1cccc(C)c1C(=O)O,4.88,None
O=C(O)c1ccc(Br)c([N+](=O)[O-])c1,3.24,None
O=C(O)C1Cc2ccccc2O1,2.84,None
Cc1c(I)cccc1C(=O)O,3.26,None
O=C(O)C1OC(Oc2ccc(I)cc2)C(O)C(O)C1O,3.28,None
O=C(O)c1cc(-c2ccccc2)oc(=O)c1,3.3,None
NS(=O)(=O)c1ccsc1C(=O)O,3.3,None
C#CCC(=O)O,3.31,None
Cc1cccc(C)c1OCC(=O)O,3.36,None
O=C(O)c1ccc(F)c([N+](=O)[O-])c1,3.37,None
C=C(OC)C(=O)O,3.38,None
O=C1NC(=O)C(c2ccccc2)C1=O,3.4,None
O=C(O)C1CCCCn2nnnc21,3.4,None
O=C(O)C=C(I)c1ccccc1,3.4,None
COc1csc(C(=O)O)c1,3.41,None
Cc1cc(C)c(C)c(C(=O)O)c1C,3.43,None
Cc1cc([N+](=O)[O-])cc2c1nnn2O,3.43,None
N#CCC(C(=O)O)c1ccccc1,3.44,None
c1cc(-c2nnn[nH]2)ccc1-c1nnn[nH]1,3.44,None
N#Cc1cccc(-c2nnn[nH]2)c1,3.45,None
O=C(O)C[Se]c1ccc([N+](=O)[O-])cc1,3.46,None
COc1ccc(C(=O)OC2OC(C(=O)O)C(O)C(O)C2O)cc1OC,3.47,None
CN(C)C(=O)n1nc(C(C)(C)C)nc1SCC(=O)O,3.49,None
CC12CC(C(=O)O)OC(=O)C1CCC1(C)C2C2CCC1(O)C(=O)O2,3.5,None
CCOC(=O)C1CC(=O)NC1C(=O)O,3.5,None
CCOc1cccc(C)c1C(=O)O,3.51,None
Cc1cccc(SCC(=O)O)c1,3.52,None
CC(C[NH3+])C(=O)O,3.53,None
CC(O)(C(=O)O)c1ccccc1,3.53,None
Nc1nc(O)[n+](C2CC(O)C(CO)O2)cc1CO,3.55,None
N#Cc1ccccc1-c1nnn[nH]1,3.55,None
CCCCCCCCCC[NH2+]CCC(=O)O,3.57,None
CCCC[NH2+]CCC(=O)O,3.57,None
Cc1c(Cn2cc[nH+]c2)sc2cc(C(=O)O)ccc12,3.59,None
[NH3+]Cc1ccc(C(=O)O)cc1,3.59,None
NC(=O)CC(=O)O,3.61,None
NS(=O)(=O)c1cccc(C(=O)O)c1,3.61,None
O=C(O)C1CCCc2ccccc2O1,3.63,None
Cc1ccc(C(=O)c2ccccc2C(=O)O)cc1,3.64,None
O=C(O)C(c1ccc(-c2ccccc2)cc1)C1(O)CCCC1,3.65,None
Cc1csc(C(=O)O)c1,3.66,None
Clc1ccccc1-c1nnn[nH]1,3.69,None
CC(C(=O)O)C(C#N)c1ccccc1,3.7,None
CCOCCn1c(N2CCC[NH+](CCCCn3cc(C(=O)O)cn3)CC2)[nH+]c2ccccc21,3.7,None
O=Cc1cccnc1C(=O)O,3.7,None
O=C(O)C=Cc1cccc(Cl)c1,3.71,None
CC(=O)c1ccc(C(=O)O)cc1,3.72,None
Cc1cccc(C(=O)O)c1C,3.73,None
NC(=O)c1ccccc1C(=O)O,3.75,None
CC(C)(C)c1ccc(SCC(=O)O)cc1,3.76,None
CC(O)C(=O)O,3.76,None
CCCSCC(=O)O,3.77,None
Cc1cccc([Se]CC(=O)O)c1,3.78,None
CCc1ccccc1C(=O)O,3.79,None
Cc1ccc(S(=O)(=O)NC(=O)OCc2ccc([N+](=O)[O-])cc2)cc1,3.8,None
O=C1NC(C(=O)O)CC1O,3.8,None
CCCCSCC(=O)O,3.81,None
Brc1cccc(-c2nnn[nH]2)c1,3.82,None
O=C(O)c1cccc(I)c1,3.83,None
O=C(O)c1ccccc1CO,3.84,None
Sc1nnco1,3.85,None
CCOc1ccc(C)c(C(=O)O)c1,3.86,None
Cc1ccc([Se]CC(=O)O)cc1,3.86,None
O=C(O)C1c2ccccc2Oc2ccccc21,3.89,None
O=C(O)c1ccc2sc(Cn3cc[nH+]c3)cc2c1,3.9,None
O=S(=O)(Nc1ccc(Cl)cc1)C(F)(F)F,3.9,None
Cc1c(Cn2cc[nH+]c2)oc2ccc(C(=O)O)cc12,3.91,None
Cc1ccccc1C(=O)O,3.92,None
O=C(O)C1OC(Oc2ccc3oc4cccc(O)c4c(=O)c3c2)C(O)C(O)C1O,3.94,None
O=C(O)c1cccc(Oc2ccccc2)c1,3.95,None
C=C=CC(=O)O,3.96,None
On1nnc2ccc(Br)cc21,3.97,None
N#CCCC(=O)O,3.98,None
CC(C#N)(CC(=O)O)c1ccccc1,3.99,None
O=C(O)c1ccc(I)cc1,3.99,None
Cc1nonc1NS(=O)(=O)c1ccc(N)cc1,4,None
Nc1ccc(S(=O)(=O)Nc2ccc(C(=O)O)cc2)cc1,4.02,None
O=C(O)c1ccsc1,4.03,None
CC(C)(O)C(=O)O,4.04,None
COc1ccccc1C(=O)O,4.05,None
COc1cccc(C(=O)O)c1,4.06,None
O=C(O)Cc1ccsc1,4.07,None
CCC(P)C(=O)O,4.08,None
N#CCc1ccc(C(=O)O)cc1,4.09,None
O=C(O)c1ccc2[nH]ccc2c1,4.1,None
C[n+]1cccc2cc(S)ccc21,4.12,None
O=C(O)c1ccc(CCl)cc1,4.13,None
[NH3+]CCCCC#CC#CCCC(=O)O,4.15,None
N#CC(C#N)=NNc1ccc([N+](=O)[O-])cc1Cl,4.15,None
O=C(O)C1=C(CO)CC1,4.16,None
CCOc1cccc(C(=O)O)c1,4.17,None
O=C(O)C1(O)CCCCC1,4.18,None
CCOc1ccccc1C(=O)O,4.18,None
CC(=O)C1CC1C(=O)O,4.19,None
O=C(O)c1ccc2ccccc2c1,4.2,None
C#CCCC(=O)O,4.2,None
O=[N+]([O-])c1n[nH]c(Oc2ccccc2)n1,4.2,None
CC(O)C(C(=O)O)c1ccc(C2CCCCC2)cc1,4.21,None
CC(C)=CCC1=C(O)C(O)(CC=C(C)C)C(=O)C(C(=O)CC(C)C)=C1O,4.22,None
COc1ccc(-c2nnn[nH]2)cc1,4.23,None
CC(C)Oc1ccccc1C(=O)O,4.24,None
Cc1ccc(C(O)C(C(=O)O)c2ccc(-c3ccccc3)cc2)cc1,4.24,None
CCCCOc1cccc(C(=O)O)c1,4.25,None
O=C(O)C=Cc1cccs1,4.25,None
CC(C)c1cccc(C(=O)O)c1,4.27,None
O=C(O)c1cccc(C2CC2)c1,4.28,None
Cc1cccc(C(=O)O)c1,4.88,None
O=C(O)C=Cc1ccco1,4.29,None
CC(C)N(C(=S)S)C(C)C,4.3,None
COCC1=C(C(=O)O)CC1,4.31,None
O=C1CSCC(=O)C1,4.34,None
O=C(O)c1ccc[nH]1,4.35,None
O=C(O)CCC1NC(=O)CNC1=O,4.36,None
COc1ccc(CC(=O)O)cc1,4.36,None
COc1cccc(C=CC(=O)O)c1,4.38,None
O=C(O)CC1CCCCO1,4.39,None
CC(C)C([NH2+]c1ccccc1)C(=O)O,4.4,None
Cc1nc(NS(=O)(=O)c2ccc(N)cc2)no1,4.4,None
O=C(O)C=Cc1cccc(O)c1,4.4,None
Cc1cccc(C=CC(=O)O)c1,4.44,None
[NH3+]CCCCCCC(=O)O,4.44,None
O=C(O)C1CC1c1ccc([N+](=O)[O-])cc1,4.45,None
O=C(O)CCc1ccsc1,4.45,None
O=Cc1cc(Br)cc([N+](=O)[O-])c1O,4.46,None
CC(C)COc1ccc(C(=O)O)cc1,4.48,None
Cc1ccccc1C=CC(=O)O,4.5,None
O=C1CCC(=O)C1,4.5,None
O=C(C=C([70SH])c1ccccc1)Nc1ccccc1,4.51,None
CCC=CCC(=O)O,4.52,None
CCOc1ccc(C(=O)O)c(C)c1,4.54,None
O=C(O)CCCc1cccs1,4.54,None
Cc1coc(C)c1C(=O)O,4.55,None
CC(C)Oc1ccc(C(=O)O)cc1,4.57,None
Cc1cc2nnn(O)c2cc1Cl,4.57,None
CC=C=CC(C)(C)C(=O)O,4.58,None
CC(CC(=O)O)C(N)=O,4.59,None
C=C(C)C1CN(C(C)=O)C(C(=O)OC)C1CC(=O)O,4.6,None
CC(C)=CCC(=O)O,4.6,None
CC(=O)C(C=O)C(C)=O,4.6,None
CCCOc1ccc(C(=O)O)cc1,4.63,None
N#CC(CCCC(=O)O)c1ccccc1,4.64,None
COc1cccc(CCC(=O)O)c1,4.65,None
CC1(C)N=C(C(=O)CC(=O)C(F)(F)F)C(C)(C)N1O,4.66,None
Nc1n[nH]c(N)c1N=Nc1ccc(C(=O)O)cc1,4.68,None
CCC=CC(=O)O,4.69,None
CC(=O)O,4.7,None
N#CC(C#N)=NNc1c(Cl)cccc1Cl,4.7,None
CC=CCCC(=O)O,4.72,None
N#CC(CCCCC(=O)O)c1ccccc1,4.75,None
O=C(O)CCCc1ccccc1,4.95,None
NC(=O)C(CCCCC(=O)O)c1ccccc1,4.79,None
Nc1[nH]cc(O)[nH+]1,4.8,None
O=C(O)CC1CCCCC1,4.27,None
O=C(O)CCCc1c[nH]c2ccccc12,4.82,None
CCC(=O)O,4.83,None
CCC(C)CC(=O)O,4.84,None
c1nnn[nH]1,4.84,None
N#CCCN(CCC#N)c1nnn[nH]1,4.85,None
O=C(O)CCC1CCC(O)CC1,4.86,None
c1ncc2[nH]nnc2n1,4.88,None
CC(C)(C)CCCC(=O)O,4.88,None
CNC(=O)CS(=O)(=O)NC(N)=O,4.89,None
O=C(O)CC1NC(=O)c2ccccc2O1,4.9,None
O=c1ccc(O)c(Br)cc1,4.9,None
Oc1c(Cl)c(Cl)cc(Cl)c1C[NH+]1CCOCC1,4.915,None
CCCCCCCCC=CCCCCCCCC(=O)O,4.95,None
C[Si](C)(C)CCCCC(=O)O,4.96,None
O=C(O)CCc1nnnn1-c1ccccc1,5,None
Oc1ccc[nH+]c1,5.01,None
O=CCCCC(=O)O,5.02,None
C[N+](C)(C)c1ccc(O)c([N+](=O)[O-])c1,5.03,None
CC(C)(C)C(=O)O,5.04,None
Oc1c(Cl)cc(Cl)c(Cl)c1C[NH+]1CCCCC1,5.06,None
CC(=O)c1ccc(O)c([N+](=O)[O-])c1,5.09,None
N#CC(=NO)C(N)=O,5.12,None
O=C(c1ccccc1)c1ccc([O-])[n+](O)c1,5.13,None
O=S(=O)(Cc1ccccc1)c1cnn[nH]1,5.15,None
C[NH+](C)Cc1cc(Cl)cc(C[NH+](C)C)c1O,5.2,None
CC1(C)CC(=O)CC(=O)C1,5.21,None
CC1c2cc(O)ccc2CC1CC(=O)O,5.3,None
CC(C[Si](C)(C)CCl)C(=O)O,5.32,None
COc1nc([N+](=O)[O-])n[nH]1,5.35,None
[O-]c1cc(O)nc[nH+]1,5.4,None
CC1(C)CC(=O)C(=NO)C(=O)C1,5.4,None
CC(O)=N[N+](C)(C)C,5.42,None
CC(=O)Nc1ccc(S(=O)(=O)Nc2nccc(C)n2)cc1,5.46,None
Sc1ccc(Cl)c(Cl)c1,5.48,None
Cc1cc([N+](=O)[O-])ccc1NN=C(C#N)C#N,5.5,None
C=CC(O)OCC(C)O,5.5,None
CC(C)c1nnn[nH]1,5.55,None
O=[N+]([O-])c1ccc(O)c(C[NH+]2CCOCC2)c1,5.61,None
O=c1cccc(O)cc1,5.64,None
Cc1c[nH]cc1C(=O)O,5.65,None
CC(C)c1ccc2c(c1)CCC1C(C)(C(=O)O)CCCC21C,5.7,None
CC[NH+]1CCCC1CNC(=O)c1c(O)c(Cl)cc(Cl)c1OC,5.75,None
C[NH+](C)Cc1cc([N+](=O)[O-])ccc1O,5.75,None
C[NH+](C)Cc1cc(F)cc(C[NH+](C)C)c1O,5.77,None
Nc1ccc(S(=O)(=O)Nc2cnc(Cl)nc2)cc1,5.8,None
CC(=O)NC1CONC1=O,5.8,None
C[n+]1ccc2cccc(O)c2c1,5.81,None
Cc1nc2c(n1C)C(=O)c1[nH]c(=O)[nH]c(=O)c1C2=O,5.82,None
O=C1COC(=O)N1,5.84,None
O=C1C=C(S(=O)(=O)[O-])c2cn[nH]c2C1=NO,5.85,None
CCc1c(-c2ccccc2)nn(C2CC[NH+](C)CC2)c1O,5.9,None
O=S(=O)(Nc1ncccn1)c1ccccc1,5.91,None
O=c1ccccc(Br)c1O,5.96,None
Cc1ccc(NN=C(C#N)C#N)c([N+](=O)[O-])c1,6,None
N#Cc1c(-c2nc3cc(Cl)ccc3o2)c(=O)oc2cc(O)ccc12,6,None
O=C1C2CCCCC2C(=O)N1O,6.13,None
COc1c(Cl)cc(Cl)c(O)c1C(=O)NC1CC[NH+](C)CC1,6.02,None
CCC[n+]1cccc2c(O)cccc21,6.06,None
CC(=O)CC(=O)C(F)(F)F,6.09,None
N#CC(C#N)=NNc1ccccc1O,6.1,None
CCNc1nnn[nH]1,6.12,None
Sc1cnc2ccccc2c1,6.13,None
N#CC(C#N)=NNc1ccc(Cl)cc1,6.15,None
CC(C)=CCC1C(=O)C(C(=O)CC(C)C)C(=O)C(CC=C(C)C)(CC=C(C)C)C1=O,6.18,None
O=S1(=O)Nc2cccc3cccc1c23,6.2,None
CN(C)S(=O)(=O)c1ccc(NS(=O)(=O)c2ccc(N)cc2)cc1,6.23,None
CC(C)c1ccc(Br)c(O)c(=O)c1,6.28,None
C[NH+](C)Cc1cc(C(C)(C)C)cc(C[NH+](C)C)c1O,6.3,None
c1ccc(Nc2nnn[nH]2)cc1,6.3,None
O=C(CC(=O)C(F)(F)F)c1cccs1,6.31,None
S=c1[nH]c2ccccc2o1,6.33,None
O=CC1CCCCC1=O,6.35,None
O=[N+]([O-])c1cc(Br)ccc1O,6.36,None
N#Cc1c(-c2nc3ccccc3s2)c(=O)oc2cc(O)ccc12,6.38,None
COc1cccc(S)c1,6.39,None
NC(=O)C(N)CSSCC(N)C(N)=O,6.41,None
CCC1(CC)SC(=O)NC1=O,6.42,None
N#CCCNC(CC(N)=O)C(=O)O,6.46,None
CCC1C(=O)c2ccccc2C1=O,6.5,None
Nc1ccc(S(=O)(=O)Nc2ncco2)cc1,6.5,None
CC(C)c1cc(O)c(=O)ccc1Br,6.53,None
CCCc1c(O)n2c3cc(C)ccc3nc(N(C)C)n2c1=O,6.55,None
Cc1cccc(C)c1NN=C(C#N)C#N,6.6,None
CCCC1(Br)C(=O)NC(=O)NC1=O,6.6,None
Nc1ccc(S(=O)(=O)Nc2cncnc2)cc1,6.62,None
Nc1c2ccccc2[nH+]c2cc(O)ccc12,6.63,None
O=C1CC(S)C(=O)N1,6.65,None
CC(C)c1cccc(=O)c(O)c1Br,6.68,None
CCCCCCCCCCc1c(-c2ccccc2)nn(-c2ccccc2)c1O,6.7,None
O=[N+]([O-])c1cc(-c2ccccc2)ccc1O,6.73,None
Cc1ccc(C)c(NN=C(C#N)C#N)c1,6.75,None
ONc1ccnc2ccccc12,6.76,None
N#Cc1ccc(NS(=O)(=O)c2ccccc2)cc1,6.78,None
COC(=O)c1cc(O)c(O)c(O)c1C[NH+](C)C,6.8,None
Cc1cc(OS(=O)(=O)[O-])c2oc(-c3cc4ccc(O)cc4oc3=O)nc2c1,6.8,None
COc1cc([N+](=O)[O-])ccc1O,6.83,None
N#Cc1ncnc2nc[nH]c12,6.88,None
O=C(CCl)Nc1nnc(-c2ccccc2)s1,6.9,None
O=[N+]([O-])c1cccc(NS(=O)(=O)c2ccccc2)c1,6.91,None
CC(C)(C)c1cc([N+](=O)[O-])cc(C(C)(C)C)c1O,6.92,None
C[NH+](C)Cc1c(O)c(O)c(O)c(C[NH+](C)C)c1C(=O)[O-],6.95,None
Nc1ccc(S(=O)(=O)Nc2ccn(-c3ccccc3[N+](=O)[O-])n2)cc1,7,None
Oc1cc2ccccc2cc1C1=[NH+]CCN1,7.01,None
O=c1oc2cc(O)ccc2cc1-c1nc2ccccc2s1,7.02,None
Nc1c2ccccc2[nH+]c2c(O)cccc12,7.05,None
CCC[n+]1cccc2cc(O)ccc21,7.08,None
Cc1csc(NS(=O)(=O)c2ccc(N)cc2)n1,7.12,None
O=[N+]([O-])c1ccc(O)cc1,7.13,None
Oc1ccnc([Se-])[nH+]1,7.18,None
CCCCc1c(-c2ccccc2)nn(-c2ccccc2)c1O,7.2,None
Cc1cc([N+](=O)[O-])cc(C)c1O,7.22,None
COc1cccc(=O)c(O)c1,7.24,None
O=c1cc(S(=O)(=O)[O-])[nH]c(=O)[nH]1,7.26,None
Cc1cc(N)ccc1S(=O)(=O)Nc1nccs1,7.3,None
CCOC(=O)c1n[nH]c2c(c1=O)c(=O)n(C)c(=O)n2C,7.32,None
N#CC(C#N)=NNc1ccc(N=Nc2ccccc2)cc1,7.33,None
FC(F)(F)c1ncnc2nc[nH]c12,7.35,None
O=c1cc(-c2ccccc2)oc2cc(O)ccc12,7.39,None
C[n+]1cccc2c3ccccc3[nH]c21,7.4,None
CCCCCCc1c(-c2ccccc2)nn(-c2ccccc2)c1O,7.4,None
O=Cc1cc(Cl)ccc1O,7.4,None
Cc1cc(C)nc(NS(=O)(=O)c2ccc(N)cc2)n1,7.44,None
CCOC(=S)NC(=O)c1ccccc1,7.46,None
Cn1c(=S)[nH]c2cncnc21,7.48,None
Nc1ccc(S(=O)(=O)Nc2ccc(O)cn2)cc1,7.5,None
CC(C(=O)c1ccc(O)cc1)[NH+](C)Cc1ccccc1,7.5,None
COC(=O)C=C(O)c1ccncc1,7.51,None
CC(=O)CC(=S)Nc1cccc(C)c1,7.56,None
COC(=O)CS,7.57,None
Nc1ccc(S(=O)(=O)Nc2ncccc2O)cc1,7.6,None
Cc1cc(Br)cc(Br)c1O,7.6,None
CC1=NS(=O)(=O)c2cnccc2N1,7.6,None
O=c1ccc2cc(O)c(O)cc2o1,7.63,None
CC1=NS(=O)(=O)c2cccnc2N1,7.64,None
CC1(C)NC(=S)NC1=S,7.65,None
CSc1nc2ncncc2[nH]1,7.67,None
O=[N+]([O-])c1ccc2cc(O)ccc2c1,7.69,None
O=C(NO)c1cccc2ccccc12,7.7,None
C[NH2+]CC(=O)c1ccc(O)cc1,7.7,None
N#Cc1ccc(O)c(O)c1,7.72,None
O=C(c1ccccc1)c1ccc(O)c(O)c1,7.74,None
Oc1cnoc1,7.75,None
OCCN1CCN(CCO)CC1,7.75,None
Oc1ccc(Br)cc1Br,7.77,None
O=c1oc2cc(O)ccc2cc1-c1ccccc1,7.8,None
CC(=O)c1ccc(O)c(O)c1,7.8,None
O=C(NO)c1ccncc1,7.82,None
SCC[NH2+]Cc1ccccc1,7.86,None
N#Cc1ccc(O)cc1,7.89,None
CC(=O)c1ccc(O)cc1,7.9,None
NC(=O)CC(=O)c1ccncc1,7.91,None
Oc1ccc2nccnc2c1,7.92,None
O=C1C(=NO)CCC1=NO,7.95,None
O=S(=O)(Nc1ccccc1)c1ccc(Cl)cc1,7.98,None
Cc1cc(C)c(O)c([N+](=O)[O-])c1,7.98,None
COC(=O)C(NC(=O)Cc1ccccc1)C1SC(C)(C)C2C(=O)NC(=S)N12,8,None
[NH3+]Cc1ccc(F)c(O)c1,8,None
CCc1cc2c(C)cc(=O)oc2cc1O,8.01,None
CC(N)C(N)=O,8.02,None
Cc1ncc(CO)c(C[NH3+])c1O,8.02,None
C[n+]1ccn(CCC[n+]2ccc(C=NO)cc2)c1,8.05,None
ON=Cc1ccc(O)cc1O,8.05,None
CN(O)C(=O)c1ccccc1,8.07,None
c1ccc(-c2nc3ncncc3[nH]2)cc1,8.09,None
CC(=O)NBr,8.1,None
O=C1NC(=O)C(CSSCC2NC(=O)NC2=O)N1,8.1,None
CC1(C)C=CC(C)(c2cc3ccc(=O)oc3cc2O)CC1,8.12,None
Oc1ccc(Cl)cc1C[NH+]1CCCCC1,8.14,None
C[NH+](C)CCNC(=O)C=NO,8.17,None
CC(=NO)c1cc(C)c(C)cc1O,8.2,None
CCOC(=O)Nc1nnc(-c2ccccc2)s1,8.2,None
c1ccc(CSc2cnn[nH]2)cc1,8.2,None
[O-][n+]1cnc2[nH]cnc2c1NCc1ccccc1,8.22,None
CCCCCCCCC(=O)OO,8.23,None
Cc1cc(S(=O)(=O)N(CCO)CCO)cc(C)c1O,8.25,None
Cc1cc(O)cc(C)c1[N+](=O)[O-],8.25,None
O=Cc1c(O)cccc1Cl,8.26,None
Cc1cc(C#N)cc(C)c1O,8.27,None
CCCOC(=O)c1ccc(O)cc1,8.3,None
O=C(NO)c1cccnc1,8.3,None
O=C(C=NO)c1ccccc1,8.31,None
CCC1=CC(=O)C=C(CC)C1=NO,8.34,None
Cc1cnnc2c(O)cccc12,8.34,None
O=Cc1ccccc1O,8.36,None
c1ccc2[nH]nnc2c1,8.39,None
Cc1nnc(C=NO)s1,8.4,None
Oc1ccccc1I,8.4,None
CC[NH+](CC)CCOc1ccccc1C(=O)NO,8.42,None
Oc1ccc(N=Nc2ccccc2)cc1,8.44,None
Cc1ccc(S(=O)(=O)Nc2ccccc2)cc1,8.46,None
CCC1(c2ccccc2)NC(=O)NC1=O,8.5,None
CC(C)=NNS(C)(=O)=O,8.5,None
Cc1cccc(C(=O)N(C)O)c1,8.52,None
CC(=O)CC(=O)c1ccc[se]1,8.55,None
Oc1ccc(Cl)c(Cl)c1,8.58,None
O=C1NC(=O)C(=Cc2ccccc2)N1,8.6,None
Oc1cccc2cn[nH]c12,8.6,None
Oc1ccc(C=Nc2ncc3nc[nH]c3n2)cc1,8.62,None
Cc1ccc(NS(=O)(=O)c2ccccc2)cc1,8.63,None
Oc1ccc(Cl)c2ccccc12,8.64,None
COc1ccc(S(=O)(=O)Nc2ccccc2)cc1,8.66,None
O=C1NC(=O)c2cc([N+](=O)[O-])ccc21,8.68,None
O=C1C=CC(=O)c2c(O)cccc21,8.7,None
CC[NH+]1CCCC1CNC(=O)c1c(O)cccc1OC,8.7,None
Cc1cccc(Cl)c1O,8.7,None
O=C(NO)c1ccccc1,8.71,None
CCC[NH+](CCC)CCCNC(=O)C=NO,8.73,None
Cc1ncc2c(c1O)C(O)OC2,8.75,None
Oc1cccc2scnc12,8.77,None
OCc1nc2ncncc2[nH]1,8.79,None
Oc1cccc2nccnc12,8.8,None
Oc1ccccc1F,8.81,None
Nc1ccc(S(=O)(=O)Nc2ccc(N)nc2)cc1,8.82,None
C[NH+](C)Cc1ccc(O)cc1,8.83,None
CC1=CC(=Nc2ccc(O)cc2)C(C(C)C)=CC1=O,8.85,None
O=S(=O)([O-])c1cc(O)cc2[nH]ncc12,8.85,None
Nc1nc(C(F)(F)F)c2[nH]cnc2n1,8.87,None
CC(=O)Sc1ccc(O)cc1,8.88,None
C[N+](C)(C)Cc1cccc(O)c1,8.89,None
CONC(=O)c1ccccc1,8.89,None
CNC(=O)c1ncnc2nc[nH]c12,8.9,None
COc1cc(S(C)=O)ccc1-c1nc2ncncc2[nH]1,8.91,None
CN1CCc2cccc3c2C1Cc1ccc(O)c(O)c1-3,8.92,None
Oc1ccc2cccc(Br)c2c1,8.94,None
CCOC(=O)C(=NO)c1ccccc1,8.95,None
Oc1ccc2cccc(I)c2c1,8.98,None
Cc1ncc(CO)c(CO)c1O,8.98,None
CC(=O)NCc1cc(C)cc(CNC(C)=O)c1O,9,None
NS(=O)(=O)c1cccc(Cl)c1,9.04,None
CCC(=O)c1cc(C(C)=O)n[nH]1,9.05,None
CC(=O)NO,9.07,None
O=c1cc(-c2ccccc2)oc2ccc(O)cc12,9.09,None
CC1=C(O)C(O)=CC1,9.11,None
O=[N+]([O-])c1cccc(-c2ccc(O)cc2)c1,9.14,None
COc1cccc2c1-c1c(O)cccc1-2,9.15,None
CC(=O)C(CN1CCOCC1)=NO,9.15,None
Nc1ccc(B(O)O)cc1,9.17,None
[NH3+]CCc1ccccc1O,9.19,None
Nc1ncc2[nH]c(-c3ccccc3)nc2n1,9.2,None
COc1ncc2[nH]cnc2n1,9.2,None
Oc1ccc2cc(I)ccc2c1,9.23,None
Oc1ccc(O)c2ccccc12,9.25,None
CN(C)c1ccc(NC(=O)C=NO)cc1,9.26,None
SCc1ncc[nH]1,9.26,None
[NH3+]CCc1cccc(O)c1,9.27,None
CCCC(=O)c1cc(C(C)=O)n[nH]1,9.28,None
CCOP(=O)(Nc1nccs1)c1ccc(N)cc1,9.3,None
O=S1(=O)Cc2cc(Br)ccc2N=CN1,9.3,None
O=C([O-])c1ccc(O)c2ncccc12,9.32,None
Nc1cncnc1N,9.33,None
CCC1(C)CC(=O)NC1=O,9.34,None
Nc1nc2ncncc2[nH]1,9.36,None
Cc1cc(O)ccc1Cl,9.4,None
SCc1ccccc1,9.43,None
O=C1CNC(=O)C(Cc2ccc(O)cc2)N1,9.47,None
CSc1cccc(O)c1,9.47,None
O=C1NC(=O)c2cc(Cl)ccc21,9.48,None
Nc1ccc(-c2ccc(N=Cc3ccc(O)cc3)cc2)cc1,9.5,None
CC(=O)C(=NO)C(C)C,9.5,None
CC(=O)Nc1ccc(O)cc1,9.5,None
CCOC(=O)C=C(C)O,9.51,None
CC(C)c1cccc2ccc(O)cc12,9.52,None
CC(=O)C(Cc1ccc([N+](=O)[O-])cc1)C(C)=O,9.54,None
CCCCN(C(=O)c1cccc(O)c1)c1ccc(N=Nc2ccc3c(c2)OCCOCCOCCOCCOCCO3)cc1,9.54,None
S=c1[nH]c(SCc2ccccc2)c(-c2ccccc2)[nH]1,9.55,None
C[N+](C)(C)CCc1ccccc1O,9.57,None
O=C1CCC(=O)N1,9.59,None
Cc1cc(N=Nc2nc3ccccc3s2)c(O)c2ncccc12,9.6,None
Cc1ccccc1NCCS,9.6,None
COc1ccc2cc(O)ccc2c1,9.64,None
Nc1ccc(B(O)O)c([N+](=O)[O-])c1,9.64,None
NNC(=O)C(F)F,9.66,None
CC(=O)c1cc(C(=O)C(C)(C)C)[nH]n1,9.7,None
NC(=O)CS(N)(=O)=O,9.7,None
CC1(C)C(=O)NC(=O)C1(C)C,9.7,None
C[NH+](C)CCc1c[nH]c2ccc(O)cc12,9.73,None
CC1(C)C(=O)[CH-]C(=O)CC1=O,9.73,None
O=c1cc(-c2cccc(O)c2)oc2ccccc12,9.75,None
OCc1ccc(O)c(CO)c1,9.77,None
O=S(Cc1ccccc1)c1ncc[nH]1,9.8,None
O=S(=O)([O-])c1ccc2c(N=Nc3ccc4[nH]cnc4c3)c(O)c(S(=O)(=O)[O-])cc2c1,9.8,None
O=[N+]([O-])c1ccc(C(=S)Nc2ccccc2)cc1,9.81,None
ONc1ccc(O)cc1,9.83,None
Cc1ccc(S(=O)(=O)NCCC(=[NH2+])N(C)C)cc1,9.84,None
CN1CCC23c4c5ccc(O)c4OC2C(O)C=CC3C1C5,9.85,None
CN(C)c1cccc(O)c1,9.85,None
O=C(NO)C1CCCCC1,8.71,None
CC(=S)Nc1ccc([N+](=O)[O-])cc1,9.89,None
ON=Cc1ccncc1,9.91,None
Oc1ccc2cc3ccccc3cc2c1,9.92,None
Cc1cc(CO)c(O)c(CO)c1,9.92,None
CC(=O)CC(=O)Nc1ccccc1,9.94,None
S=C(Nc1ccc(Br)cc1)c1cccc(Br)c1,9.96,None
Cc1ncc(CO)c(C)c1O,9.98,None
O=c1ccc2ccccc2cc1O,10,None
COc1nc(N)c2[nH]cnc2n1,10,None
Cc1cccc(O)c1,10.01,None
S=CNc1ccccc1Cl,10.03,None
Oc1ccc2[nH]ncc2c1,10.05,None
Cc1ccc2cccc(O)c2n1,10.08,None
CN1c2ccccc2Nc2ccc(O)cc21,10.1,None
CCc1cc(C)cc(O)c1,10.1,None
Cc1cc(C)cc(O)c1,10.13,None
CC(=O)CC(=O)Nc1ccc(C)cc1,10.15,None
Fc1cccc(NC(=S)c2ccc(Cl)cc2)c1,10.16,None
Cc1ccc(C(=S)Nc2ccc(Cl)c(Cl)c2)cc1,10.18,None
CCCCCCCCc1c(-c2ccccc2)n[nH]c1O,10.2,None
Oc1cccc2c1CCC2,10.2,None
CCc1n[nH]c(CC)n1,10.22,None
CCCCOc1ccc(O)cc1,10.23,None
CCOc1ccc(O)cc1,10.23,None
CC(=O)C(Cc1ccc(Cl)cc1)C(C)=O,10.25,None
ON=Cc1cccnc1,10.26,None
Cc1n[nH]c(C)c1[N+](=O)[O-],10.27,None
c1ccc(-c2nc3cnccc3[nH]2)cc1,10.3,None
COC(=O)c1ccccc1O,10.3,None
Cc1ccc(O)cc1C,10.32,None
N#Cc1ccc(S(=O)(=O)NCc2ccccc2)cc1,10.35,None
COc1ccccc1-c1ccccc1O,10.4,None
CC(=O)CC(N)=O,10.41,None
S=c1[nH]c2cc3c(cc2[nH]1)CCCC3,10.43,None
Oc1ccc(OCc2ccccc2)cc1,10.47,None
CC(=O)C(Cc1ccccc1)C(C)=O,10.49,None
Nc1cccc(N)c1O,10.5,None
CCCc1c(C)[nH][n+](C)c1[O-],10.5,None
Oc1ccc(F)cc1CN1CCOCC1,10.52,None
COc1c(O)cccc1CN,10.54,None
Cc1cc(C)c(O)cc1C,10.55,None
COc1ccc(CC(C(C)=O)C(C)=O)cc1,10.57,None
COc1cccc(C=NO)c1,10.59,None
O=[N+]([O-])c1ccc[nH]1,10.6,None
CCc1ccc(C(C)C)cc1O,10.61,None
NCCc1ccc(O)c(O)c1,10.63,None
CCOC(=O)C1CCCC1=O,10.68,None
ON=CNO,10.7,None
Nc1nc[nH]n1,10.72,None
S=C(Nc1ccccc1)c1ccc(Cl)cc1,10.76,None
Cn1c(=S)[nH]c2cc3c(cc21)CCCC3,10.78,None
Cc1cccc(C)c1NC(=S)c1ccccc1,10.79,None
CC12CCC3c4ccc(O)cc4CCC3C1CC(O)C2O,10.8,None
CS(N)(=O)=O,10.8,None
CCc1ccc(O)c(C(C)C)c1,10.82,None
CCN(CC)Cc1cc(C)ccc1O,10.84,None
Cc1cccc(C(C)C)c1O,10.85,None
ON=Cc1ccc2c(c1)OCO2,10.85,None
S=C(Nc1ccccc1)c1ccccc1,10.86,None
c1cc2[nH]cnc2cn1,10.88,None
Fc1cccc(NC=S)c1,10.89,None
Cc1cc(C(C)C)cc(C)c1O,10.9,None
Cc1cc(O)n[nH]1,10.9,None
CCc1cc(C(C)C)c(O)cc1C,10.91,None
c1ccc(CSc2nc(SCc3ccccc3)c(-c3ccccc3)[nH]2)cc1,10.93,None
COc1ccc(C(=S)Nc2ccc(Br)cc2)cc1,10.95,None
CN(C)Cc1ccccc1O,10.96,None
COc1ccc(NC(=S)c2cccc(Br)c2)cc1,10.99,None
CC(C)(S)CN,11,None
CCOC(=O)C(Cc1ccc([N+](=O)[O-])cc1)C(C)=O,11.06,None
N#CCC(=O)NN,11.08,None
CN1C(=O)NCc2[nH]cnc21,11.1,None
O=C1CCCC2CCCC(=O)C12,11.13,None
Cc1ccc(NC(=S)c2ccc(Cl)cc2)cc1,11.18,None
Cc1ccc(S(=O)(=O)NCCC(=O)[O-])cc1,11.2,None
Cc1cccc(OC(O)(CBr)c2ccccc2)c1,11.21,None
CC(C)(C)CCCCc1ccc(O)cc1,11.22,None
Nc1ccc(O)c2ncccc12,11.24,None
COc1ccc(NC(=S)c2ccc(Cl)cc2)cc1,11.26,None
Cc1cc(O)n(-c2ccccc2)n1,11.3,None
Cc1nc(N)c2cn[nH]c2n1,11.3,None
CC=Cc1ccc2cccnc2c1O,11.34,None
COc1ccc(NC(=S)c2ccccc2)cc1,11.36,None
CC(=C(S)CCO)N(C=O)Cc1cnc(C)nc1N,11.4,None
CCCCc1c(C)nn(-c2ccccc2)c1O,11.4,None
Cc1ccc(S(=O)(=O)NCC(=O)[O-])cc1,11.4,None
O=C1CCCC(=O)N1,11.43,None
COc1ccc(O)c(CN(C)C)c1,11.48,None
CCSC(O)O,11.48,None
c1ccc(CNc2nnc(-c3ccccc3)s2)cc1,11.5,None
COO,11.5,None
COc1ccc(S(=O)(=O)NCc2ccccc2)cc1,11.53,None
CC(=S)Nc1ccccc1,11.56,None
CCCCCCC=NO,11.6,None
O=[N+]([O-])c1cccc2c[n+](CCO)ccc12,11.67,None
COc1cc(C(N)=O)ccc1-c1nc2c(ncn2C)[nH]1,11.74,None
CC(C)(C)C(=O)CC(=O)C(C)(C)C,11.77,None
Cc1nn(-c2ccccc2)c(O)c1Cc1ccccc1,11.8,None
COc1ccc(C(=S)Nc2ccc(C)cc2)cc1,11.81,None
C[n+]1c2ccccc2cc2ccc(N)cc21,11.85,None
O=C(c1ccc(Cl)cc1)c1cc[nH]n1,11.87,None
OC(c1ccncc1)(c1ccncc1)c1cccnc1,11.9,None
c1ccc(-c2nc3ccccc3[nH]2)cc1,11.91,None
CN(C)c1ccc(NC=S)cc1,11.96,None
C=C(C)C(C)=C(C)O,12.01,None
COc1ccc(C(=O)c2cc[nH]n2)cc1,12.09,None
c1cnc2[nH]ccc2c1,12.1,None
Cc1cc(O)nn1-c1ccccc1,12.14,None
Cc1cc(O)nn1-c1ccccc1C(=O)[O-],12.2,None
C[n+]1ccccc1N,12.2,None
COC(=O)c1ccccc1-n1nc(O)cc1C,12.3,None
NC(=S)Nc1ccc(Cl)cc1,12.3,None
NC(=S)Nc1ccc(Br)cc1,12.35,None
CCOC(=O)c1ccccc1-n1nc(O)cc1-c1ccccc1,12.4,None
OC(c1ccncc1)(c1ccncc1)c1ccccn1,12.44,None
Nc1ncnc2c1ncn2C1OC(CO)C(O)C1O,12.5,None
Cc1cc2nc[nH]c2cc1C,12.52,None
Cc1cc(C(C)(C)C)c(O)c(C(C)(C)C)c1,12.55,None
CC(C)(OO)c1ccccc1,12.64,None
OC(O)c1ccccn1,12.8,None
Cc1ccc(C(N)=S)cc1,12.8,None
CC(=O)C(C(C)=O)C(C)C,12.85,None
O=C1CC(Sc2ccc([N+](=O)[O-])cc2)N1,12.97,None
OC(c1ccccc1)(c1ccncc1)c1ccncc1,13.07,None
OC(O)c1cccnc1,13.1,None
c1nc2cc3c(cc2[nH]1)CCCC3,13.33,None
COc1ccc2c(c1)[nH]c1c(C)nccc12,13.46,None
NC(=O)c1cccnc1,13.5,None
c1ccc2[nH]ncc2c1,13.86,None
CC1NCCc2c1[nH]c1ccc([N+](=O)[O-])cc21,14.1,None
CCSC(C)O,14.34,None
COc1ccc2[nH]c3c(c2c1)CCN=C3C,14.54,None
Nc1ncc([N+](=O)[O-])cn1,14.7,None
CC1NCCc2c1[nH]c1ccc(Cl)cc21,15.2,None
CCO,15.54,None
CCCO,15.97,None
